x-axis,1,2
second,Volt,Volt
+5.080000E+00,,
+5.083900E+00,+4.865745E+00,+4.878141E+00
+5.087800E+00,+4.867420E+00,+3.754188E+00
+5.091700E+00,+4.865745E+00,+4.819514E+00
+5.095600E+00,+4.814657E+00,+4.878141E+00
+5.099500E+00,+4.865745E+00,+4.878141E+00
+5.103400E+00,+4.867420E+00,+4.797739E+00
+5.107300E+00,+4.876633E+00,+4.797739E+00
+5.111200E+00,+4.867420E+00,+4.834590E+00
+5.115100E+00,+4.836432E+00,+4.878141E+00
+5.119000E+00,+4.845645E+00,+4.878141E+00
+5.122900E+00,+4.865745E+00,+4.797739E+00
+5.126800E+00,+4.836432E+00,+4.816164E+00
+5.130700E+00,+4.847320E+00,+4.797739E+00
+5.134600E+00,+4.845645E+00,+4.878141E+00
+5.138500E+00,+4.836432E+00,+4.797739E+00
+5.142400E+00,+4.867420E+00,+4.878141E+00
+5.146300E+00,+4.876633E+00,+4.797739E+00
+5.150200E+00,+4.876633E+00,+4.940117E+00
+5.154100E+00,+4.858208E+00,+4.878141E+00
+5.158000E+00,+4.876633E+00,+4.878141E+00
+5.161900E+00,+4.847320E+00,+3.593384E+00
+5.165800E+00,+4.836432E+00,+4.878141E+00
+5.169700E+00,+4.876633E+00,+4.878141E+00
+5.173600E+00,+4.867420E+00,+4.940117E+00
+5.177500E+00,+4.836432E+00,+4.878141E+00
+5.181400E+00,+4.836432E+00,+4.878141E+00
+5.185300E+00,+4.865745E+00,+4.856365E+00
+5.189200E+00,+4.907621E+00,+4.859715E+00
+5.193100E+00,+4.876633E+00,+4.797739E+00
+5.197000E+00,+4.876633E+00,+4.797739E+00
+5.200900E+00,+4.836432E+00,+4.878141E+00
+5.204800E+00,+4.867420E+00,+4.940117E+00
+5.208700E+00,+4.847320E+00,+4.797739E+00
+5.212600E+00,+4.845645E+00,+4.816164E+00
+5.216500E+00,+4.865745E+00,+1.280151E+00
+5.220400E+00,+4.876633E+00,+4.878141E+00
+5.224300E+00,+4.847320E+00,+4.819514E+00
+5.228200E+00,+4.867420E+00,+4.878141E+00
+5.232100E+00,+4.836432E+00,+4.878141E+00
+5.236000E+00,+4.845645E+00,+4.878141E+00
+5.239900E+00,+4.865745E+00,+4.878141E+00
+5.243800E+00,+4.845645E+00,+4.878141E+00
+5.247700E+00,+4.876633E+00,+4.878141E+00
+5.251600E+00,+4.867420E+00,+4.878141E+00
+5.255500E+00,+4.836432E+00,+4.878141E+00
+5.259400E+00,+4.836432E+00,+4.878141E+00
+5.263300E+00,+4.847320E+00,+4.878141E+00
+5.267200E+00,+4.876633E+00,+4.797739E+00
+5.271100E+00,+4.836432E+00,+4.819514E+00
+5.275000E+00,+4.867420E+00,+4.816164E+00
+5.278900E+00,+4.847320E+00,+4.819514E+00
+5.282800E+00,+4.876633E+00,+4.878141E+00
+5.286700E+00,+4.865745E+00,+4.878141E+00
+5.290600E+00,+4.845645E+00,+1.159548E+00
+5.294500E+00,+4.865745E+00,+4.878141E+00
+5.298400E+00,+4.867420E+00,+4.878141E+00
+5.302300E+00,+4.876633E+00,+4.856365E+00
+5.306200E+00,+4.845645E+00,+4.816164E+00
+5.310100E+00,+4.876633E+00,+4.878141E+00
+5.314000E+00,+4.836432E+00,+4.859715E+00
+5.317900E+00,+4.836432E+00,+4.921692E+00
+5.321800E+00,+4.845645E+00,+4.816164E+00
+5.325700E+00,+4.876633E+00,+4.958543E+00
+5.329600E+00,+4.845645E+00,+4.816164E+00
+5.333500E+00,+4.865745E+00,+4.878141E+00
+5.337400E+00,+4.845645E+00,+4.896566E+00
+5.341300E+00,+4.858208E+00,+4.899916E+00
+5.345200E+00,+4.867420E+00,+3.710636E+00
+5.349100E+00,+4.905946E+00,+4.878141E+00
+5.353000E+00,+4.867420E+00,+4.896566E+00
+5.356900E+00,+4.847320E+00,+4.936767E+00
+5.360800E+00,+4.845645E+00,+4.859715E+00
+5.364700E+00,+4.876633E+00,+4.878141E+00
+5.368600E+00,+4.867420E+00,+4.940117E+00
+5.372500E+00,+4.876633E+00,+4.878141E+00
+5.376400E+00,+4.867420E+00,+4.834590E+00
+5.380300E+00,+4.865745E+00,+4.856365E+00
+5.384200E+00,+4.876633E+00,+4.878141E+00
+5.388100E+00,+4.865745E+00,+4.878141E+00
+5.392000E+00,+4.876633E+00,+4.878141E+00
+5.395900E+00,+4.865745E+00,+4.878141E+00
+5.399800E+00,+4.845645E+00,+4.878141E+00
+5.403700E+00,+4.865745E+00,+4.819514E+00
+5.407600E+00,+4.876633E+00,+4.940117E+00
+5.411500E+00,+4.836432E+00,+4.899916E+00
+5.415400E+00,+4.845645E+00,+4.878141E+00
+5.419300E+00,+4.847320E+00,+54.020E-03
+5.423200E+00,+4.836432E+00,+4.878141E+00
+5.427100E+00,+4.847320E+00,+4.739112E+00
+5.431000E+00,+4.876633E+00,+4.878141E+00
+5.434900E+00,+4.876633E+00,+4.936767E+00
+5.438800E+00,+4.867420E+00,+4.797739E+00
+5.442700E+00,+4.847320E+00,+4.819514E+00
+5.446600E+00,+4.836432E+00,+4.878141E+00
+5.450500E+00,+4.836432E+00,+4.819514E+00
+5.454400E+00,+4.876633E+00,+4.878141E+00
+5.458300E+00,+4.836432E+00,+4.878141E+00
+5.462200E+00,+4.876633E+00,+4.859715E+00
+5.466100E+00,+4.876633E+00,+4.797739E+00
+5.470000E+00,+4.814657E+00,+4.754188E+00
+5.473900E+00,+4.865745E+00,+4.878141E+00
+5.477800E+00,+4.845645E+00,+4.859715E+00
+5.481700E+00,+4.876633E+00,+4.819514E+00
+5.485600E+00,+4.836432E+00,+4.878141E+00
+5.489500E+00,+4.876633E+00,+4.878141E+00
+5.493400E+00,+4.845645E+00,+4.742462E+00
+5.497300E+00,+4.876633E+00,+4.878141E+00
+5.501200E+00,+4.898409E+00,+4.859715E+00
+5.505100E+00,+4.836432E+00,+4.878141E+00
+5.509000E+00,+4.867420E+00,+4.754188E+00
+5.512900E+00,+4.847320E+00,+4.819514E+00
+5.516800E+00,+4.845645E+00,+4.940117E+00
+5.520700E+00,+4.876633E+00,+4.878141E+00
+5.524600E+00,+4.867420E+00,+4.940117E+00
+5.528500E+00,+4.847320E+00,+4.878141E+00
+5.532400E+00,+4.876633E+00,+4.878141E+00
+5.536300E+00,+4.836432E+00,+4.899916E+00
+5.540200E+00,+4.867420E+00,+4.921692E+00
+5.544100E+00,+4.818007E+00,+4.819514E+00
+5.548000E+00,+4.876633E+00,+54.020E-03
+5.551900E+00,+4.847320E+00,+4.936767E+00
+5.555800E+00,+4.876633E+00,+4.834590E+00
+5.559700E+00,+4.865745E+00,+4.819514E+00
+5.563600E+00,+4.836432E+00,+4.859715E+00
+5.567500E+00,+4.865745E+00,+4.936767E+00
+5.571400E+00,+4.845645E+00,+4.896566E+00
+5.575300E+00,+4.847320E+00,+4.936767E+00
+5.579200E+00,+4.836432E+00,+4.816164E+00
+5.583100E+00,+4.865745E+00,+4.878141E+00
+5.587000E+00,+4.836432E+00,+4.816164E+00
+5.590900E+00,+4.818007E+00,+4.878141E+00
+5.594800E+00,+4.836432E+00,+4.878141E+00
+5.598700E+00,+4.836432E+00,+4.878141E+00
+5.602600E+00,+4.827219E+00,+4.816164E+00
+5.606500E+00,+4.865745E+00,+4.819514E+00
+5.610400E+00,+4.845645E+00,+4.940117E+00
+5.614300E+00,+4.836432E+00,+4.856365E+00
+5.618200E+00,+4.845645E+00,+4.816164E+00
+5.622100E+00,+4.865745E+00,+4.914992E+00
+5.626000E+00,+4.876633E+00,+4.878141E+00
+5.629900E+00,+4.836432E+00,+4.878141E+00
+5.633800E+00,+4.836432E+00,+4.878141E+00
+5.637700E+00,+4.876633E+00,+4.856365E+00
+5.641600E+00,+4.836432E+00,+4.878141E+00
+5.645500E+00,+4.836432E+00,+4.819514E+00
+5.649400E+00,+4.858208E+00,+4.878141E+00
+5.653300E+00,+4.847320E+00,+4.878141E+00
+5.657200E+00,+4.836432E+00,+4.878141E+00
+5.661100E+00,+4.876633E+00,+4.878141E+00
+5.665000E+00,+4.836432E+00,+4.940117E+00
+5.668900E+00,+4.876633E+00,+4.878141E+00
+5.672800E+00,+4.845645E+00,+4.921692E+00
+5.676700E+00,+4.836432E+00,+4.878141E+00
+5.680600E+00,+4.876633E+00,+4.816164E+00
+5.684500E+00,+4.836432E+00,+4.899916E+00
+5.688400E+00,+4.827219E+00,+4.797739E+00
+5.692300E+00,+4.858208E+00,+4.936767E+00
+5.696200E+00,+4.867420E+00,+4.834590E+00
+5.700100E+00,+4.836432E+00,+4.958543E+00
+5.704000E+00,+4.836432E+00,+4.878141E+00
+5.707900E+00,+4.847320E+00,+4.878141E+00
+5.711800E+00,+4.876633E+00,+4.816164E+00
+5.715700E+00,+4.807119E+00,+4.878141E+00
+5.719600E+00,+4.876633E+00,+4.921692E+00
+5.723500E+00,+4.876633E+00,+4.856365E+00
+5.727400E+00,+4.845645E+00,+4.878141E+00
+5.731300E+00,+4.836432E+00,+4.797739E+00
+5.735200E+00,+4.845645E+00,+4.878141E+00
+5.739100E+00,+4.847320E+00,+4.878141E+00
+5.743000E+00,+4.867420E+00,+4.878141E+00
+5.746900E+00,+4.876633E+00,+4.878141E+00
+5.750800E+00,+4.867420E+00,+3.791038E+00
+5.754700E+00,+4.836432E+00,+4.834590E+00
+5.758600E+00,+4.845645E+00,+4.878141E+00
+5.762500E+00,+4.836432E+00,+4.819514E+00
+5.766400E+00,+4.867420E+00,+4.878141E+00
+5.770300E+00,+4.818007E+00,+3.571608E+00
+5.774200E+00,+4.867420E+00,+4.940117E+00
+5.778100E+00,+4.847320E+00,+4.914992E+00
+5.782000E+00,+4.867420E+00,+4.859715E+00
+5.785900E+00,+4.865745E+00,+4.856365E+00
+5.789800E+00,+4.876633E+00,+4.878141E+00
+5.793700E+00,+4.847320E+00,+4.878141E+00
+5.797600E+00,+4.867420E+00,+4.878141E+00
+5.801500E+00,+4.847320E+00,+4.878141E+00
+5.805400E+00,+4.867420E+00,+4.878141E+00
+5.809300E+00,+4.854858E+00,+4.878141E+00
+5.813200E+00,+4.876633E+00,+4.896566E+00
+5.817100E+00,+4.865745E+00,+4.819514E+00
+5.821000E+00,+4.836432E+00,+4.859715E+00
+5.824900E+00,+4.865745E+00,+1.397404E+00
+5.828800E+00,+4.867420E+00,+4.878141E+00
+5.832700E+00,+4.865745E+00,+4.878141E+00
+5.836600E+00,+4.876633E+00,+4.878141E+00
+5.840500E+00,+4.905946E+00,+4.819514E+00
+5.844400E+00,+4.876633E+00,+4.797739E+00
+5.848300E+00,+4.836432E+00,+4.899916E+00
+5.852200E+00,+4.867420E+00,+4.878141E+00
+5.856100E+00,+4.876633E+00,+4.878141E+00
+5.860000E+00,+4.845645E+00,+4.797739E+00
+5.863900E+00,+4.876633E+00,+4.878141E+00
+5.867800E+00,+4.876633E+00,+4.878141E+00
+5.871700E+00,+4.876633E+00,+4.878141E+00
+5.875600E+00,+4.867420E+00,+4.878141E+00
+5.879500E+00,+4.876633E+00,+4.856365E+00
+5.883400E+00,+4.836432E+00,+4.816164E+00
+5.887300E+00,+4.865745E+00,+4.936767E+00
+5.891200E+00,+4.867420E+00,+4.878141E+00
+5.895100E+00,+4.865745E+00,+4.819514E+00
+5.899000E+00,+4.836432E+00,+1.141122E+00
+5.902900E+00,+4.836432E+00,+4.878141E+00
+5.906800E+00,+4.845645E+00,+4.859715E+00
+5.910700E+00,+4.847320E+00,+4.936767E+00
+5.914600E+00,+4.836432E+00,+4.816164E+00
+5.918500E+00,+4.876633E+00,+4.819514E+00
+5.922400E+00,+4.867420E+00,+4.859715E+00
+5.926300E+00,+4.847320E+00,+4.936767E+00
+5.930200E+00,+4.876633E+00,+4.896566E+00
+5.934100E+00,+4.876633E+00,+4.856365E+00
+5.938000E+00,+4.876633E+00,+4.878141E+00
+5.941900E+00,+4.865745E+00,+4.878141E+00
+5.945800E+00,+4.836432E+00,+4.816164E+00
+5.949700E+00,+4.836432E+00,+4.819514E+00
+5.953600E+00,+4.836432E+00,+4.779313E+00
+5.957500E+00,+4.876633E+00,+4.856365E+00
+5.961400E+00,+4.836432E+00,+4.859715E+00
+5.965300E+00,+4.865745E+00,+4.878141E+00
+5.969200E+00,+4.876633E+00,+4.878141E+00
+5.973100E+00,+4.865745E+00,+1.360553E+00
+5.977000E+00,+4.867420E+00,+4.816164E+00
+5.980900E+00,+4.836432E+00,+4.819514E+00
+5.984800E+00,+4.845645E+00,+4.878141E+00
+5.988700E+00,+4.847320E+00,+4.878141E+00
+5.992600E+00,+4.876633E+00,+4.878141E+00
+5.996500E+00,+4.876633E+00,+4.878141E+00
+6.000400E+00,+4.836432E+00,+4.859715E+00
+6.004300E+00,+4.847320E+00,+4.819514E+00
+6.008200E+00,+4.867420E+00,+4.921692E+00
+6.012100E+00,+4.865745E+00,+4.841290E+00
+6.016000E+00,+4.867420E+00,+4.940117E+00
+6.019900E+00,+4.847320E+00,+4.878141E+00
+6.023800E+00,+4.836432E+00,+4.940117E+00
+6.027700E+00,+4.847320E+00,+4.856365E+00
+6.031600E+00,+4.867420E+00,+4.859715E+00
+6.035500E+00,+4.876633E+00,+4.819514E+00
+6.039400E+00,+4.876633E+00,+4.841290E+00
+6.043300E+00,+4.876633E+00,+4.878141E+00
+6.047200E+00,+4.876633E+00,+1.159548E+00
+6.051100E+00,+4.865745E+00,+4.878141E+00
+6.055000E+00,+4.845645E+00,+4.779313E+00
+6.058900E+00,+4.836432E+00,+4.797739E+00
+6.062800E+00,+4.836432E+00,+4.859715E+00
+6.066700E+00,+4.836432E+00,+4.914992E+00
+6.070600E+00,+4.836432E+00,+4.878141E+00
+6.074500E+00,+4.865745E+00,+4.936767E+00
+6.078400E+00,+4.845645E+00,+4.878141E+00
+6.082300E+00,+4.865745E+00,+4.878141E+00
+6.086200E+00,+4.845645E+00,+4.896566E+00
+6.090100E+00,+4.847320E+00,+4.878141E+00
+6.094000E+00,+4.867420E+00,+4.859715E+00
+6.097900E+00,+4.847320E+00,+4.856365E+00
+6.101800E+00,+4.867420E+00,+4.878141E+00
+6.105700E+00,+4.836432E+00,+4.797739E+00
+6.109600E+00,+4.876633E+00,+5.002094E+00
+6.113500E+00,+4.847320E+00,+4.856365E+00
+6.117400E+00,+4.836432E+00,+4.797739E+00
+6.121300E+00,+4.865745E+00,+4.856365E+00
+6.125200E+00,+4.845645E+00,+4.816164E+00
+6.129100E+00,+4.905946E+00,+4.878141E+00
+6.133000E+00,+4.876633E+00,+4.878141E+00
+6.136900E+00,+4.865745E+00,+4.878141E+00
+6.140800E+00,+4.836432E+00,+4.859715E+00
+6.144700E+00,+4.876633E+00,+4.819514E+00
+6.148600E+00,+4.845645E+00,+4.878141E+00
+6.152500E+00,+4.847320E+00,+4.819514E+00
+6.156400E+00,+4.836432E+00,+4.896566E+00
+6.160300E+00,+4.865745E+00,+4.819514E+00
+6.164200E+00,+4.836432E+00,+4.878141E+00
+6.168100E+00,+4.865745E+00,+4.899916E+00
+6.172000E+00,+4.836432E+00,+4.816164E+00
+6.175900E+00,+4.847320E+00,+4.856365E+00
+6.179800E+00,+4.876633E+00,+4.797739E+00
+6.183700E+00,+4.836432E+00,+4.878141E+00
+6.187600E+00,+4.845645E+00,+4.878141E+00
+6.191500E+00,+4.836432E+00,+4.819514E+00
+6.195400E+00,+4.876633E+00,+1.221524E+00
+6.199300E+00,+4.876633E+00,+4.878141E+00
+6.203200E+00,+4.845645E+00,+4.878141E+00
+6.207100E+00,+4.876633E+00,+4.914992E+00
+6.211000E+00,+4.836432E+00,+4.816164E+00
+6.214900E+00,+4.847320E+00,+4.797739E+00
+6.218800E+00,+4.845645E+00,+4.859715E+00
+6.222700E+00,+4.876633E+00,+4.819514E+00
+6.226600E+00,+4.845645E+00,+4.878141E+00
+6.230500E+00,+4.876633E+00,+4.914992E+00
+6.234400E+00,+4.836432E+00,+4.816164E+00
+6.238300E+00,+4.847320E+00,+4.856365E+00
+6.242200E+00,+4.845645E+00,+4.878141E+00
+6.246100E+00,+4.847320E+00,+4.878141E+00
+6.250000E+00,+4.845645E+00,+4.859715E+00
+6.253900E+00,+4.847320E+00,+4.878141E+00
+6.257800E+00,+4.845645E+00,+4.859715E+00
+6.261700E+00,+4.876633E+00,+4.878141E+00
+6.265600E+00,+4.845645E+00,+4.859715E+00
+6.269500E+00,+4.847320E+00,+1.440955E+00
+6.273400E+00,+4.836432E+00,+4.816164E+00
+6.277300E+00,+4.876633E+00,+4.936767E+00
+6.281200E+00,+4.876633E+00,+4.834590E+00
+6.285100E+00,+4.876633E+00,+4.936767E+00
+6.289000E+00,+4.876633E+00,+4.940117E+00
+6.292900E+00,+4.847320E+00,+4.797739E+00
+6.296800E+00,+4.836432E+00,+4.921692E+00
+6.300700E+00,+4.847320E+00,+4.797739E+00
+6.304600E+00,+4.876633E+00,+4.878141E+00
+6.308500E+00,+4.847320E+00,+4.819514E+00
+6.312400E+00,+4.876633E+00,+4.816164E+00
+6.316300E+00,+4.847320E+00,+4.899916E+00
+6.320200E+00,+4.836432E+00,+4.859715E+00
+6.324100E+00,+4.865745E+00,+4.899916E+00
+6.328000E+00,+4.876633E+00,+4.878141E+00
+6.331900E+00,+4.865745E+00,+4.856365E+00
+6.335800E+00,+4.876633E+00,+4.859715E+00
+6.339700E+00,+4.876633E+00,+4.878141E+00
+6.343600E+00,+4.845645E+00,+3.772613E+00
+6.347500E+00,+4.836432E+00,+4.856365E+00
+6.351400E+00,+4.845645E+00,+4.878141E+00
+6.355300E+00,+4.865745E+00,+4.914992E+00
+6.359200E+00,+4.876633E+00,+4.878141E+00
+6.363100E+00,+4.847320E+00,+4.878141E+00
+6.367000E+00,+4.836432E+00,+4.878141E+00
+6.370900E+00,+4.865745E+00,+4.856365E+00
+6.374800E+00,+4.867420E+00,+4.878141E+00
+6.378700E+00,+4.836432E+00,+4.841290E+00
+6.382600E+00,+4.845645E+00,+4.878141E+00
+6.386500E+00,+4.847320E+00,+4.878141E+00
+6.390400E+00,+4.836432E+00,+4.878141E+00
+6.394300E+00,+4.847320E+00,+4.819514E+00
+6.398200E+00,+4.836432E+00,+4.816164E+00
+6.402100E+00,+4.876633E+00,+4.841290E+00
+6.406000E+00,+4.836432E+00,+4.816164E+00
+6.409900E+00,+4.876633E+00,+4.856365E+00
+6.413800E+00,+4.836432E+00,+4.859715E+00
+6.417700E+00,+4.865745E+00,+1.360553E+00
+6.421600E+00,+4.845645E+00,+4.816164E+00
+6.425500E+00,+4.876633E+00,+4.797739E+00
+6.429400E+00,+4.845645E+00,+4.859715E+00
+6.433300E+00,+4.876633E+00,+4.878141E+00
+6.437200E+00,+4.876633E+00,+4.859715E+00
+6.441100E+00,+4.876633E+00,+4.878141E+00
+6.445000E+00,+4.876633E+00,+4.878141E+00
+6.448900E+00,+4.836432E+00,+4.899916E+00
+6.452800E+00,+4.845645E+00,+4.859715E+00
+6.456700E+00,+4.865745E+00,+4.856365E+00
+6.460600E+00,+4.845645E+00,+4.797739E+00
+6.464500E+00,+4.847320E+00,+4.878141E+00
+6.468400E+00,+4.876633E+00,+4.816164E+00
+6.472300E+00,+4.847320E+00,+4.819514E+00
+6.476200E+00,+4.836432E+00,+4.940117E+00
+6.480100E+00,+4.836432E+00,+4.819514E+00
+6.484000E+00,+4.827219E+00,+4.816164E+00
+6.487900E+00,+4.865745E+00,+4.878141E+00
+6.491800E+00,+4.836432E+00,+3.772613E+00
+6.495700E+00,+4.847320E+00,+4.878141E+00
+6.499600E+00,+4.867420E+00,+4.940117E+00
+6.503500E+00,+4.836432E+00,+4.856365E+00
+6.507400E+00,+4.867420E+00,+4.878141E+00
+6.511300E+00,+4.836432E+00,+3.571608E+00
+6.515200E+00,+4.845645E+00,+4.878141E+00
+6.519100E+00,+4.836432E+00,+4.797739E+00
+6.523000E+00,+4.867420E+00,+4.878141E+00
+6.526900E+00,+4.847320E+00,+4.936767E+00
+6.530800E+00,+4.854858E+00,+4.816164E+00
+6.534700E+00,+4.876633E+00,+4.936767E+00
+6.538600E+00,+4.867420E+00,+4.878141E+00
+6.542500E+00,+4.836432E+00,+4.936767E+00
+6.546400E+00,+4.845645E+00,+4.878141E+00
+6.550300E+00,+4.836432E+00,+4.914992E+00
+6.554200E+00,+4.867420E+00,+4.896566E+00
+6.558100E+00,+4.865745E+00,+4.878141E+00
+6.562000E+00,+4.876633E+00,+4.878141E+00
+6.565900E+00,+4.836432E+00,+4.899916E+00
+6.569800E+00,+4.845645E+00,+4.797739E+00
+6.573700E+00,+4.836432E+00,+4.856365E+00
+6.577600E+00,+4.876633E+00,+4.878141E+00
+6.581500E+00,+4.865745E+00,+4.878141E+00
+6.585400E+00,+4.836432E+00,+1.141122E+00
+6.589300E+00,+4.865745E+00,+4.856365E+00
+6.593200E+00,+4.845645E+00,+4.816164E+00
+6.597100E+00,+4.847320E+00,+4.899916E+00
+6.601000E+00,+4.836432E+00,+4.896566E+00
+6.604900E+00,+4.876633E+00,+4.797739E+00
+6.608800E+00,+4.876633E+00,+4.878141E+00
+6.612700E+00,+4.865745E+00,+4.856365E+00
+6.616600E+00,+4.876633E+00,+4.940117E+00
+6.620500E+00,+4.865745E+00,+4.899916E+00
+6.624400E+00,+4.876633E+00,+4.878141E+00
+6.628300E+00,+4.836432E+00,+4.878141E+00
+6.632200E+00,+4.845645E+00,+4.797739E+00
+6.636100E+00,+4.876633E+00,+4.878141E+00
+6.640000E+00,+4.867420E+00,+4.921692E+00
+6.643900E+00,+4.847320E+00,+4.878141E+00
+6.647800E+00,+4.876633E+00,+4.816164E+00
+6.651700E+00,+4.865745E+00,+4.878141E+00
+6.655600E+00,+4.867420E+00,+4.878141E+00
+6.659500E+00,+4.876633E+00,+1.338777E+00
+6.663400E+00,+4.845645E+00,+4.816164E+00
+6.667300E+00,+4.836432E+00,+4.819514E+00
+6.671200E+00,+4.814657E+00,+4.896566E+00
+6.675100E+00,+4.876633E+00,+4.878141E+00
+6.679000E+00,+4.836432E+00,+4.859715E+00
+6.682900E+00,+4.876633E+00,+4.878141E+00
+6.686800E+00,+4.845645E+00,+4.878141E+00
+6.690700E+00,+4.865745E+00,+4.856365E+00
+6.694600E+00,+4.867420E+00,+4.878141E+00
+6.698500E+00,+4.847320E+00,+4.819514E+00
+6.702400E+00,+4.845645E+00,+4.878141E+00
+6.706300E+00,+4.836432E+00,+4.878141E+00
+6.710200E+00,+4.867420E+00,+4.859715E+00
+6.714100E+00,+4.847320E+00,+4.856365E+00
+6.718000E+00,+4.845645E+00,+4.797739E+00
+6.721900E+00,+4.876633E+00,+4.878141E+00
+6.725800E+00,+4.876633E+00,+4.878141E+00
+6.729700E+00,+4.865745E+00,+4.878141E+00
+6.733600E+00,+4.876633E+00,+3.816164E+00
+6.737500E+00,+4.847320E+00,+4.819514E+00
+6.741400E+00,+4.876633E+00,+4.878141E+00
+6.745300E+00,+4.847320E+00,+4.878141E+00
+6.749200E+00,+4.836432E+00,+4.859715E+00
+6.753100E+00,+4.876633E+00,+4.958543E+00
+6.757000E+00,+4.876633E+00,+4.816164E+00
+6.760900E+00,+4.887521E+00,+4.856365E+00
+6.764800E+00,+4.876633E+00,+4.940117E+00
+6.768700E+00,+4.847320E+00,+4.878141E+00
+6.772600E+00,+4.845645E+00,+4.878141E+00
+6.776500E+00,+4.836432E+00,+4.819514E+00
+6.780400E+00,+4.845645E+00,+4.878141E+00
+6.784300E+00,+4.865745E+00,+4.878141E+00
+6.788200E+00,+4.836432E+00,+4.816164E+00
+6.792100E+00,+4.847320E+00,+4.797739E+00
+6.796000E+00,+4.845645E+00,+4.878141E+00
+6.799900E+00,+4.836432E+00,+4.856365E+00
+6.803800E+00,+4.858208E+00,+4.878141E+00
+6.807700E+00,+4.865745E+00,+4.878141E+00
+6.811600E+00,+4.845645E+00,+4.816164E+00
+6.815500E+00,+4.865745E+00,+4.878141E+00
+6.819400E+00,+4.867420E+00,+4.859715E+00
+6.823300E+00,+4.876633E+00,+4.936767E+00
+6.827200E+00,+4.876633E+00,+4.878141E+00
+6.831100E+00,+4.847320E+00,+4.797739E+00
+6.835000E+00,+4.814657E+00,+4.878141E+00
+6.838900E+00,+4.836432E+00,+4.819514E+00
+6.842800E+00,+4.858208E+00,+4.878141E+00
+6.846700E+00,+4.876633E+00,+4.878141E+00
+6.850600E+00,+4.876633E+00,+4.878141E+00
+6.854500E+00,+4.836432E+00,+4.936767E+00
+6.858400E+00,+4.845645E+00,+4.859715E+00
+6.862300E+00,+4.865745E+00,+4.856365E+00
+6.866200E+00,+4.867420E+00,+4.878141E+00
+6.870100E+00,+4.836432E+00,+4.878141E+00
+6.874000E+00,+4.845645E+00,+4.878141E+00
+6.877900E+00,+4.836432E+00,+4.819514E+00
+6.881800E+00,+4.836432E+00,+4.878141E+00
+6.885700E+00,+4.876633E+00,+4.936767E+00
+6.889600E+00,+4.836432E+00,+4.940117E+00
+6.893500E+00,+4.876633E+00,+4.878141E+00
+6.897400E+00,+4.876633E+00,+4.878141E+00
+6.901300E+00,+4.847320E+00,+75.796E-03
+6.905200E+00,+4.836432E+00,+4.797739E+00
+6.909100E+00,+4.865745E+00,+4.819514E+00
+6.913000E+00,+4.845645E+00,+4.940117E+00
+6.916900E+00,+4.847320E+00,+4.878141E+00
+6.920800E+00,+4.845645E+00,+4.859715E+00
+6.924700E+00,+4.836432E+00,+4.878141E+00
+6.928600E+00,+4.845645E+00,+4.878141E+00
+6.932500E+00,+4.876633E+00,+4.878141E+00
+6.936400E+00,+4.876633E+00,+4.878141E+00
+6.940300E+00,+4.847320E+00,+4.819514E+00
+6.944200E+00,+4.876633E+00,+4.816164E+00
+6.948100E+00,+4.836432E+00,+4.856365E+00
+6.952000E+00,+4.845645E+00,+4.878141E+00
+6.955900E+00,+4.836432E+00,+4.899916E+00
+6.959800E+00,+4.876633E+00,+4.896566E+00
+6.963700E+00,+4.847320E+00,+4.819514E+00
+6.967600E+00,+4.854858E+00,+4.878141E+00
+6.971500E+00,+4.865745E+00,+4.936767E+00
+6.975400E+00,+4.845645E+00,+3.710636E+00
+6.979300E+00,+4.836432E+00,+4.878141E+00
+6.983200E+00,+4.845645E+00,+4.958543E+00
+6.987100E+00,+4.865745E+00,+4.856365E+00
+6.991000E+00,+4.836432E+00,+4.878141E+00
+6.994900E+00,+4.836432E+00,+3.652010E+00
+6.998800E+00,+4.836432E+00,+4.816164E+00
+7.002700E+00,+4.865745E+00,+4.856365E+00
+7.006600E+00,+4.854858E+00,+4.878141E+00
+7.010500E+00,+4.865745E+00,+4.841290E+00
+7.014400E+00,+4.867420E+00,+4.896566E+00
+7.018300E+00,+4.876633E+00,+4.878141E+00
+7.022200E+00,+4.845645E+00,+4.878141E+00
+7.026100E+00,+4.847320E+00,+4.878141E+00
+7.030000E+00,+4.867420E+00,+4.878141E+00
+7.033900E+00,+4.836432E+00,+4.819514E+00
+7.037800E+00,+4.836432E+00,+4.816164E+00
+7.041700E+00,+4.836432E+00,+4.819514E+00
+7.045600E+00,+4.876633E+00,+4.878141E+00
+7.049500E+00,+4.865745E+00,+4.899916E+00
+7.053400E+00,+4.867420E+00,+4.878141E+00
+7.057300E+00,+4.876633E+00,+4.797739E+00
+7.061200E+00,+4.836432E+00,+4.878141E+00
+7.065100E+00,+4.847320E+00,+4.878141E+00
+7.069000E+00,+4.845645E+00,+1.203099E+00
+7.072900E+00,+4.847320E+00,+4.878141E+00
+7.076800E+00,+4.836432E+00,+4.878141E+00
+7.080700E+00,+4.847320E+00,+4.899916E+00
+7.084600E+00,+4.836432E+00,+4.940117E+00
+7.088500E+00,+4.847320E+00,+4.878141E+00
+7.092400E+00,+4.836432E+00,+4.859715E+00
+7.096300E+00,+4.836432E+00,+4.856365E+00
+7.100200E+00,+4.836432E+00,+4.921692E+00
+7.104100E+00,+4.836432E+00,+4.819514E+00
+7.108000E+00,+4.845645E+00,+4.816164E+00
+7.111900E+00,+4.876633E+00,+4.878141E+00
+7.115800E+00,+4.845645E+00,+4.878141E+00
+7.119700E+00,+4.876633E+00,+4.797739E+00
+7.123600E+00,+4.876633E+00,+4.816164E+00
+7.127500E+00,+4.836432E+00,+4.878141E+00
+7.131400E+00,+4.845645E+00,+4.816164E+00
+7.135300E+00,+4.836432E+00,+4.819514E+00
+7.139200E+00,+4.814657E+00,+4.878141E+00
+7.143100E+00,+4.847320E+00,+4.878141E+00
+7.147000E+00,+4.867420E+00,+4.940117E+00
+7.150900E+00,+4.865745E+00,+4.878141E+00
+7.154800E+00,+4.845645E+00,+4.878141E+00
+7.158700E+00,+4.876633E+00,+4.797739E+00
+7.162600E+00,+4.876633E+00,+4.816164E+00
+7.166500E+00,+4.847320E+00,+4.878141E+00
+7.170400E+00,+4.845645E+00,+4.921692E+00
+7.174300E+00,+4.876633E+00,+4.878141E+00
+7.178200E+00,+4.845645E+00,+4.921692E+00
+7.182100E+00,+4.876633E+00,+4.878141E+00
+7.186000E+00,+4.876633E+00,+4.859715E+00
+7.189900E+00,+4.836432E+00,+4.878141E+00
+7.193800E+00,+4.836432E+00,+4.859715E+00
+7.197700E+00,+4.887521E+00,+4.878141E+00
+7.201600E+00,+4.867420E+00,+4.797739E+00
+7.205500E+00,+4.836432E+00,+4.856365E+00
+7.209400E+00,+4.876633E+00,+4.878141E+00
+7.213300E+00,+4.865745E+00,+4.797739E+00
+7.217200E+00,+4.876633E+00,+4.878141E+00
+7.221100E+00,+4.836432E+00,+4.936767E+00
+7.225000E+00,+4.867420E+00,+4.878141E+00
+7.228900E+00,+4.865745E+00,+4.878141E+00
+7.232800E+00,+4.845645E+00,+4.797739E+00
+7.236700E+00,+4.865745E+00,+1.360553E+00
+7.240600E+00,+4.876633E+00,+4.878141E+00
+7.244500E+00,+4.836432E+00,+4.878141E+00
+7.248400E+00,+4.867420E+00,+4.797739E+00
+7.252300E+00,+4.876633E+00,+4.856365E+00
+7.256200E+00,+4.836432E+00,+4.878141E+00
+7.260100E+00,+4.847320E+00,+4.797739E+00
+7.264000E+00,+4.867420E+00,+4.859715E+00
+7.267900E+00,+4.836432E+00,+4.878141E+00
+7.271800E+00,+4.836432E+00,+4.940117E+00
+7.275700E+00,+4.847320E+00,+4.878141E+00
+7.279600E+00,+4.836432E+00,+4.859715E+00
+7.283500E+00,+4.847320E+00,+4.899916E+00
+7.287400E+00,+4.876633E+00,+4.878141E+00
+7.291300E+00,+4.847320E+00,+4.819514E+00
+7.295200E+00,+4.867420E+00,+4.878141E+00
+7.299100E+00,+4.854858E+00,+4.819514E+00
+7.303000E+00,+4.867420E+00,+4.816164E+00
+7.306900E+00,+4.876633E+00,+4.856365E+00
+7.310800E+00,+4.867420E+00,+3.710636E+00
+7.314700E+00,+4.865745E+00,+4.878141E+00
+7.318600E+00,+4.867420E+00,+4.859715E+00
+7.322500E+00,+4.865745E+00,+4.899916E+00
+7.326400E+00,+4.876633E+00,+4.816164E+00
+7.330300E+00,+4.865745E+00,+3.571608E+00
+7.334200E+00,+4.845645E+00,+4.878141E+00
+7.338100E+00,+4.836432E+00,+4.936767E+00
+7.342000E+00,+4.845645E+00,+4.940117E+00
+7.345900E+00,+4.836432E+00,+4.878141E+00
+7.349800E+00,+4.867420E+00,+4.878141E+00
+7.353700E+00,+4.847320E+00,+4.856365E+00
+7.357600E+00,+4.867420E+00,+4.878141E+00
+7.361500E+00,+4.876633E+00,+4.819514E+00
+7.365400E+00,+4.858208E+00,+4.878141E+00
+7.369300E+00,+4.865745E+00,+4.878141E+00
+7.373200E+00,+4.836432E+00,+4.816164E+00
+7.377100E+00,+4.836432E+00,+4.878141E+00
+7.381000E+00,+4.876633E+00,+4.816164E+00
+7.384900E+00,+4.836432E+00,+4.856365E+00
+7.388800E+00,+4.845645E+00,+4.859715E+00
+7.392700E+00,+4.847320E+00,+4.834590E+00
+7.396600E+00,+4.876633E+00,+4.940117E+00
+7.400500E+00,+4.847320E+00,+4.878141E+00
+7.404400E+00,+4.867420E+00,+1.221524E+00
+7.408300E+00,+4.876633E+00,+4.899916E+00
+7.412200E+00,+4.845645E+00,+4.940117E+00
+7.416100E+00,+4.895059E+00,+4.819514E+00
+7.420000E+00,+4.867420E+00,+4.878141E+00
+7.423900E+00,+4.847320E+00,+4.797739E+00
+7.427800E+00,+4.845645E+00,+4.958543E+00
+7.431700E+00,+4.876633E+00,+4.878141E+00
+7.435600E+00,+4.867420E+00,+4.797739E+00
+7.439500E+00,+4.836432E+00,+4.878141E+00
+7.443400E+00,+4.845645E+00,+4.921692E+00
+7.447300E+00,+4.847320E+00,+4.797739E+00
+7.451200E+00,+4.845645E+00,+4.940117E+00
+7.455100E+00,+4.876633E+00,+4.797739E+00
+7.459000E+00,+4.876633E+00,+4.797739E+00
+7.462900E+00,+4.887521E+00,+4.797739E+00
+7.466800E+00,+4.885846E+00,+4.921692E+00
+7.470700E+00,+4.847320E+00,+4.797739E+00
+7.474600E+00,+4.836432E+00,+4.816164E+00
+7.478500E+00,+4.836432E+00,+4.878141E+00
+7.482400E+00,+4.876633E+00,+4.878141E+00
+7.486300E+00,+4.865745E+00,+4.878141E+00
+7.490200E+00,+4.845645E+00,+4.940117E+00
+7.494100E+00,+4.836432E+00,+4.914992E+00
+7.498000E+00,+4.845645E+00,+1.141122E+00
+7.501900E+00,+4.876633E+00,+4.819514E+00
+7.505800E+00,+4.845645E+00,+4.859715E+00
+7.509700E+00,+4.847320E+00,+4.856365E+00
+7.513600E+00,+4.876633E+00,+4.859715E+00
+7.517500E+00,+4.847320E+00,+4.899916E+00
+7.521400E+00,+4.867420E+00,+4.797739E+00
+7.525300E+00,+4.876633E+00,+4.878141E+00
+7.529200E+00,+4.867420E+00,+4.859715E+00
+7.533100E+00,+4.865745E+00,+4.878141E+00
+7.537000E+00,+4.836432E+00,+4.859715E+00
+7.540900E+00,+4.836432E+00,+4.878141E+00
+7.544800E+00,+4.876633E+00,+4.878141E+00
+7.548700E+00,+4.865745E+00,+4.878141E+00
+7.552600E+00,+4.845645E+00,+4.859715E+00
+7.556500E+00,+4.865745E+00,+4.878141E+00
+7.560400E+00,+4.867420E+00,+4.878141E+00
+7.564300E+00,+4.836432E+00,+4.936767E+00
+7.568200E+00,+4.867420E+00,+4.878141E+00
+7.572100E+00,+4.905946E+00,+1.397404E+00
+7.576000E+00,+4.876633E+00,+4.878141E+00
+7.579900E+00,+4.876633E+00,+4.819514E+00
+7.583800E+00,+4.876633E+00,+4.816164E+00
+7.587700E+00,+4.876633E+00,+4.856365E+00
+7.591600E+00,+4.845645E+00,+4.878141E+00
+7.595500E+00,+4.836432E+00,+4.936767E+00
+7.599400E+00,+123.702E-03,+4.859715E+00
+7.603300E+00,+92.714E-03,+4.856365E+00
+7.607200E+00,+132.915E-03,+4.816164E+00
+7.611100E+00,+132.915E-03,+4.797739E+00
+7.615000E+00,+92.714E-03,+4.940117E+00
+7.618900E+00,+143.802E-03,+4.899916E+00
+7.622800E+00,+123.702E-03,+4.878141E+00
+7.626700E+00,+103.601E-03,+4.893216E+00
+7.630600E+00,+111.139E-03,+4.797739E+00
+7.634500E+00,+132.915E-03,+4.819514E+00
+7.638400E+00,+132.915E-03,+4.896566E+00
+7.642300E+00,+103.601E-03,+4.899916E+00
+7.646200E+00,+111.139E-03,+4.878141E+00
+7.650100E+00,+103.601E-03,+4.878141E+00
+7.654000E+00,+101.926E-03,+4.859715E+00
+7.657900E+00,+122.027E-03,+4.878141E+00
+7.661800E+00,+92.714E-03,+4.816164E+00
+7.665700E+00,+92.714E-03,+1.338777E+00
+7.669600E+00,+132.915E-03,+4.940117E+00
+7.673500E+00,+103.601E-03,+4.936767E+00
+7.677400E+00,+92.714E-03,+4.958543E+00
+7.681300E+00,+122.027E-03,+4.936767E+00
+7.685200E+00,+123.702E-03,+4.896566E+00
+7.689100E+00,+122.027E-03,+4.856365E+00
+7.693000E+00,+101.926E-03,+4.878141E+00
+7.696900E+00,+92.714E-03,+4.878141E+00
+7.700800E+00,+101.926E-03,+4.859715E+00
+7.704700E+00,+122.027E-03,+4.878141E+00
+7.708600E+00,+101.926E-03,+4.816164E+00
+7.712500E+00,+132.915E-03,+4.797739E+00
+7.716400E+00,+132.915E-03,+4.797739E+00
+7.720300E+00,+92.714E-03,+4.936767E+00
+7.724200E+00,+101.926E-03,+4.878141E+00
+7.728100E+00,+143.802E-03,+4.819514E+00
+7.732000E+00,+101.926E-03,+4.816164E+00
+7.735900E+00,+92.714E-03,+4.856365E+00
+7.739800E+00,+132.915E-03,+4.797739E+00
+7.743700E+00,+132.915E-03,+4.899916E+00
+7.747600E+00,+123.702E-03,+4.816164E+00
+7.751500E+00,+103.601E-03,+4.878141E+00
+7.755400E+00,+123.702E-03,+4.834590E+00
+7.759300E+00,+122.027E-03,+3.512982E+00
+7.763200E+00,+132.915E-03,+4.878141E+00
+7.767100E+00,+132.915E-03,+4.856365E+00
+7.771000E+00,+92.714E-03,+4.816164E+00
+7.774900E+00,+122.027E-03,+4.878141E+00
+7.778800E+00,+132.915E-03,+4.878141E+00
+7.782700E+00,+92.714E-03,+4.797739E+00
+7.786600E+00,+101.926E-03,+4.896566E+00
+7.790500E+00,+132.915E-03,+4.819514E+00
+7.794400E+00,+101.926E-03,+4.878141E+00
+7.798300E+00,+122.027E-03,+4.878141E+00
+7.802200E+00,+101.926E-03,+4.878141E+00
+7.806100E+00,+122.027E-03,+4.878141E+00
+7.810000E+00,+123.702E-03,+4.834590E+00
+7.813900E+00,+103.601E-03,+4.739112E+00
+7.817800E+00,+123.702E-03,+4.878141E+00
+7.821700E+00,+132.915E-03,+4.878141E+00
+7.825600E+00,+123.702E-03,+4.797739E+00
+7.829500E+00,+132.915E-03,+4.878141E+00
+7.833400E+00,+132.915E-03,+3.853015E+00
+7.837300E+00,+92.714E-03,+4.878141E+00
+7.841200E+00,+132.915E-03,+4.816164E+00
+7.845100E+00,+111.139E-03,+4.856365E+00
+7.849000E+00,+132.915E-03,+4.878141E+00
+7.852900E+00,+103.601E-03,+4.841290E+00
+7.856800E+00,+132.915E-03,+4.816164E+00
+7.860700E+00,+132.915E-03,+4.878141E+00
+7.864600E+00,+123.702E-03,+4.878141E+00
+7.868500E+00,+132.915E-03,+4.856365E+00
+7.872400E+00,+132.915E-03,+4.878141E+00
+7.876300E+00,+74.288E-03,+4.878141E+00
+7.880200E+00,+123.702E-03,+4.878141E+00
+7.884100E+00,+74.288E-03,+4.878141E+00
+7.888000E+00,+92.714E-03,+4.878141E+00
+7.891900E+00,+4.865745E+00,+4.797739E+00
+7.895800E+00,+4.867420E+00,+4.896566E+00
+7.899700E+00,+4.836432E+00,+4.856365E+00
+7.903600E+00,+4.836432E+00,+4.859715E+00
+7.907500E+00,+4.865745E+00,+4.878141E+00
+7.911400E+00,+4.867420E+00,+4.878141E+00
+7.915300E+00,+4.876633E+00,+4.841290E+00
+7.919200E+00,+4.876633E+00,+4.859715E+00
+7.923100E+00,+4.876633E+00,+4.878141E+00
+7.927000E+00,+4.876633E+00,+3.772613E+00
+7.930900E+00,+4.876633E+00,+4.878141E+00
+7.934800E+00,+4.876633E+00,+4.797739E+00
+7.938700E+00,+4.876633E+00,+4.936767E+00
+7.942600E+00,+4.814657E+00,+4.878141E+00
+7.946500E+00,+4.854858E+00,+4.819514E+00
+7.950400E+00,+4.836432E+00,+4.834590E+00
+7.954300E+00,+4.876633E+00,+4.936767E+00
+7.958200E+00,+4.876633E+00,+4.896566E+00
+7.962100E+00,+4.847320E+00,+4.760888E+00
+7.966000E+00,+4.907621E+00,+4.878141E+00
+7.969900E+00,+4.847320E+00,+4.856365E+00
+7.973800E+00,+4.836432E+00,+4.878141E+00
+7.977700E+00,+4.865745E+00,+4.878141E+00
+7.981600E+00,+4.845645E+00,+4.896566E+00
+7.985500E+00,+4.865745E+00,+4.878141E+00
+7.989400E+00,+4.876633E+00,+4.878141E+00
+7.993300E+00,+4.865745E+00,+4.878141E+00
+7.997200E+00,+4.867420E+00,+4.816164E+00
+8.001100E+00,+4.847320E+00,+4.797739E+00
+8.005000E+00,+4.836432E+00,+4.797739E+00
+8.008900E+00,+4.847320E+00,+4.936767E+00
+8.012800E+00,+4.867420E+00,+4.797739E+00
+8.016700E+00,+4.865745E+00,+4.819514E+00
+8.020600E+00,+4.845645E+00,+1.177973E+00
+8.024500E+00,+4.847320E+00,+4.878141E+00
+8.028400E+00,+4.876633E+00,+4.878141E+00
+8.032300E+00,+4.836432E+00,+4.878141E+00
+8.036200E+00,+4.836432E+00,+4.878141E+00
+8.040100E+00,+4.876633E+00,+4.878141E+00
+8.044000E+00,+4.845645E+00,+4.940117E+00
+8.047900E+00,+4.847320E+00,+4.878141E+00
+8.051800E+00,+4.845645E+00,+4.859715E+00
+8.055700E+00,+4.847320E+00,+4.878141E+00
+8.059600E+00,+4.836432E+00,+4.878141E+00
+8.063500E+00,+4.836432E+00,+4.936767E+00
+8.067400E+00,+4.876633E+00,+4.878141E+00
+8.071300E+00,+4.895059E+00,+4.936767E+00
+8.075200E+00,+4.845645E+00,+4.878141E+00
+8.079100E+00,+4.854858E+00,+4.878141E+00
+8.083000E+00,+4.845645E+00,+4.859715E+00
+8.086900E+00,+4.865745E+00,+4.819514E+00
+8.090800E+00,+4.836432E+00,+4.797739E+00
+8.094700E+00,+4.865745E+00,+4.936767E+00
+8.098600E+00,+4.836432E+00,+4.940117E+00
+8.102500E+00,+4.847320E+00,+4.878141E+00
+8.106400E+00,+4.836432E+00,+4.859715E+00
+8.110300E+00,+4.865745E+00,+4.819514E+00
+8.114200E+00,+4.876633E+00,+4.896566E+00
+8.118100E+00,+4.876633E+00,+4.878141E+00
+8.122000E+00,+4.845645E+00,+4.816164E+00
+8.125900E+00,+4.836432E+00,+4.856365E+00
+8.129800E+00,+4.845645E+00,+4.816164E+00
+8.133700E+00,+4.865745E+00,+4.878141E+00
+8.137600E+00,+4.867420E+00,+4.896566E+00
+8.141500E+00,+4.876633E+00,+4.819514E+00
+8.145400E+00,+4.836432E+00,+4.878141E+00
+8.149300E+00,+4.836432E+00,+4.878141E+00
+8.153200E+00,+4.876633E+00,+4.859715E+00
+8.157100E+00,+4.836432E+00,+4.856365E+00
+8.161000E+00,+4.836432E+00,+4.896566E+00
+8.164900E+00,+4.836432E+00,+4.819514E+00
+8.168800E+00,+4.876633E+00,+4.816164E+00
+8.172700E+00,+4.847320E+00,+4.856365E+00
+8.176600E+00,+4.827219E+00,+4.940117E+00
+8.180500E+00,+4.847320E+00,+4.856365E+00
+8.184400E+00,+4.876633E+00,+4.859715E+00
+8.188300E+00,+4.876633E+00,+4.797739E+00
+8.192200E+00,+4.836432E+00,+4.816164E+00
+8.196100E+00,+4.876633E+00,+4.878141E+00
+8.200000E+00,+4.845645E+00,+4.921692E+00
+8.203900E+00,+4.865745E+00,+4.878141E+00
+8.207800E+00,+4.867420E+00,+1.159548E+00
+8.211700E+00,+4.836432E+00,+4.856365E+00
+8.215600E+00,+4.876633E+00,+4.816164E+00
+8.219500E+00,+4.847320E+00,+4.878141E+00
+8.223400E+00,+4.867420E+00,+4.859715E+00
+8.227300E+00,+4.865745E+00,+4.878141E+00
+8.231200E+00,+4.836432E+00,+4.859715E+00
+8.235100E+00,+4.847320E+00,+4.878141E+00
+8.239000E+00,+4.845645E+00,+4.816164E+00
+8.242900E+00,+4.836432E+00,+4.878141E+00
+8.246800E+00,+4.876633E+00,+4.878141E+00
+8.250700E+00,+4.847320E+00,+4.841290E+00
+8.254600E+00,+4.845645E+00,+4.878141E+00
+8.258500E+00,+4.876633E+00,+4.819514E+00
+8.262400E+00,+4.867420E+00,+4.816164E+00
+8.266300E+00,+4.847320E+00,+4.878141E+00
+8.270200E+00,+4.805444E+00,+4.797739E+00
+8.274100E+00,+4.876633E+00,+4.856365E+00
+8.278000E+00,+4.867420E+00,+4.816164E+00
+8.281900E+00,+4.865745E+00,+4.819514E+00
+8.285800E+00,+4.845645E+00,+4.816164E+00
+8.289700E+00,+4.847320E+00,+4.878141E+00
+8.293600E+00,+4.867420E+00,+4.859715E+00
+8.297500E+00,+4.847320E+00,+4.914992E+00
+8.301400E+00,+4.876633E+00,+1.122697E+00
+8.305300E+00,+4.825544E+00,+4.878141E+00
+8.309200E+00,+4.845645E+00,+4.878141E+00
+8.313100E+00,+4.876633E+00,+4.936767E+00
+8.317000E+00,+4.845645E+00,+4.797739E+00
+8.320900E+00,+4.836432E+00,+4.936767E+00
+8.324800E+00,+4.845645E+00,+4.859715E+00
+8.328700E+00,+4.858208E+00,+4.819514E+00
+8.332600E+00,+4.836432E+00,+4.797739E+00
+8.336500E+00,+4.865745E+00,+4.914992E+00
+8.340400E+00,+4.836432E+00,+4.878141E+00
+8.344300E+00,+4.865745E+00,+4.878141E+00
+8.348200E+00,+4.876633E+00,+4.878141E+00
+8.352100E+00,+4.876633E+00,+4.936767E+00
+8.356000E+00,+4.867420E+00,+4.878141E+00
+8.359900E+00,+4.876633E+00,+4.797739E+00
+8.363800E+00,+4.845645E+00,+4.896566E+00
+8.367700E+00,+4.847320E+00,+4.878141E+00
+8.371600E+00,+4.845645E+00,+4.816164E+00
+8.375500E+00,+4.847320E+00,+4.878141E+00
+8.379400E+00,+4.876633E+00,+4.940117E+00
+8.383300E+00,+4.847320E+00,+4.936767E+00
+8.387200E+00,+4.845645E+00,+4.797739E+00
+8.391100E+00,+4.836432E+00,+4.856365E+00
+8.395000E+00,+4.836432E+00,+4.859715E+00
+8.398900E+00,+4.876633E+00,+4.841290E+00
+8.402800E+00,+4.867420E+00,+4.878141E+00
+8.406700E+00,+4.865745E+00,+4.878141E+00
+8.410600E+00,+4.845645E+00,+4.878141E+00
+8.414500E+00,+4.876633E+00,+4.819514E+00
+8.418400E+00,+4.836432E+00,+4.816164E+00
+8.422300E+00,+4.876633E+00,+4.878141E+00
+8.426200E+00,+4.836432E+00,+4.878141E+00
+8.430100E+00,+4.865745E+00,+4.878141E+00
+8.434000E+00,+4.876633E+00,+4.878141E+00
+8.437900E+00,+4.865745E+00,+4.878141E+00
+8.441800E+00,+4.876633E+00,+4.797739E+00
+8.445700E+00,+4.876633E+00,+4.878141E+00
+8.449600E+00,+4.845645E+00,+4.940117E+00
+8.453500E+00,+4.865745E+00,+4.878141E+00
+8.457400E+00,+4.845645E+00,+4.878141E+00
+8.461300E+00,+4.865745E+00,+4.878141E+00
+8.465200E+00,+4.827219E+00,+4.896566E+00
+8.469100E+00,+4.876633E+00,+4.878141E+00
+8.473000E+00,+4.845645E+00,+4.878141E+00
+8.476900E+00,+4.847320E+00,+4.819514E+00
+8.480800E+00,+4.876633E+00,+4.859715E+00
+8.484700E+00,+4.847320E+00,+4.819514E+00
+8.488600E+00,+4.836432E+00,+4.816164E+00
+8.492500E+00,+4.876633E+00,+4.899916E+00
+8.496400E+00,+4.845645E+00,+4.816164E+00
+8.500300E+00,+4.847320E+00,+4.878141E+00
+8.504200E+00,+4.867420E+00,+4.896566E+00
+8.508100E+00,+4.847320E+00,+4.841290E+00
+8.512000E+00,+4.876633E+00,+4.896566E+00
+8.515900E+00,+4.836432E+00,+4.878141E+00
+8.519800E+00,+4.845645E+00,+4.859715E+00
+8.523700E+00,+4.825544E+00,+4.878141E+00
+8.527600E+00,+4.867420E+00,+4.797739E+00
+8.531500E+00,+4.836432E+00,+4.878141E+00
+8.535400E+00,+4.876633E+00,+4.816164E+00
+8.539300E+00,+4.836432E+00,+4.878141E+00
+8.543200E+00,+4.867420E+00,+4.859715E+00
+8.547100E+00,+4.876633E+00,+4.819514E+00
+8.551000E+00,+4.845645E+00,+4.859715E+00
+8.554900E+00,+4.836432E+00,+4.878141E+00
+8.558800E+00,+4.867420E+00,+5.002094E+00
+8.562700E+00,+4.876633E+00,+4.856365E+00
+8.566600E+00,+4.876633E+00,+4.797739E+00
+8.570500E+00,+4.876633E+00,+4.878141E+00
+8.574400E+00,+4.836432E+00,+4.878141E+00
+8.578300E+00,+4.847320E+00,+4.856365E+00
+8.582200E+00,+4.876633E+00,+1.159548E+00
+8.586100E+00,+4.847320E+00,+4.899916E+00
+8.590000E+00,+4.867420E+00,+4.816164E+00
+8.593900E+00,+4.865745E+00,+4.819514E+00
+8.597800E+00,+4.876633E+00,+4.878141E+00
+8.601700E+00,+4.865745E+00,+4.878141E+00
+8.605600E+00,+4.836432E+00,+4.878141E+00
+8.609500E+00,+4.836432E+00,+4.878141E+00
+8.613400E+00,+4.876633E+00,+4.859715E+00
+8.617300E+00,+4.865745E+00,+4.899916E+00
+8.621200E+00,+4.827219E+00,+4.816164E+00
+8.625100E+00,+4.865745E+00,+4.878141E+00
+8.629000E+00,+4.845645E+00,+4.878141E+00
+8.632900E+00,+4.865745E+00,+4.878141E+00
+8.636800E+00,+4.836432E+00,+4.859715E+00
+8.640700E+00,+4.865745E+00,+4.878141E+00
+8.644600E+00,+4.845645E+00,+4.878141E+00
+8.648500E+00,+4.876633E+00,+4.797739E+00
+8.652400E+00,+4.836432E+00,+4.878141E+00
+8.656300E+00,+4.876633E+00,+4.797739E+00
+8.660200E+00,+4.845645E+00,+4.859715E+00
+8.664100E+00,+4.887521E+00,+4.856365E+00
+8.668000E+00,+4.836432E+00,+4.834590E+00
+8.671900E+00,+4.847320E+00,+4.878141E+00
+8.675800E+00,+4.845645E+00,+4.878141E+00
+8.679700E+00,+4.836432E+00,+4.878141E+00
+8.683600E+00,+4.867420E+00,+4.816164E+00
+8.687500E+00,+4.876633E+00,+4.841290E+00
+8.691400E+00,+4.876633E+00,+4.859715E+00
+8.695300E+00,+4.847320E+00,+4.878141E+00
+8.699200E+00,+4.845645E+00,+4.859715E+00
+8.703100E+00,+4.836432E+00,+4.856365E+00
+8.707000E+00,+4.876633E+00,+4.878141E+00
+8.710900E+00,+4.876633E+00,+4.899916E+00
+8.714800E+00,+4.876633E+00,+4.816164E+00
+8.718700E+00,+4.895059E+00,+4.878141E+00
+8.722600E+00,+4.867420E+00,+4.878141E+00
+8.726500E+00,+4.865745E+00,+4.936767E+00
+8.730400E+00,+4.845645E+00,+4.816164E+00
+8.734300E+00,+4.865745E+00,+4.878141E+00
+8.738200E+00,+4.876633E+00,+4.878141E+00
+8.742100E+00,+4.847320E+00,+4.878141E+00
+8.746000E+00,+4.827219E+00,+4.878141E+00
+8.749900E+00,+4.865745E+00,+4.936767E+00
+8.753800E+00,+4.836432E+00,+4.878141E+00
+8.757700E+00,+4.865745E+00,+4.878141E+00
+8.761600E+00,+4.867420E+00,+4.878141E+00
+8.765500E+00,+4.865745E+00,+4.841290E+00
+8.769400E+00,+4.867420E+00,+1.177973E+00
+8.773300E+00,+4.836432E+00,+4.878141E+00
+8.777200E+00,+4.876633E+00,+4.878141E+00
+8.781100E+00,+4.865745E+00,+4.878141E+00
+8.785000E+00,+4.876633E+00,+4.896566E+00
+8.788900E+00,+4.836432E+00,+4.878141E+00
+8.792800E+00,+4.867420E+00,+4.878141E+00
+8.796700E+00,+4.876633E+00,+4.878141E+00
+8.800600E+00,+4.876633E+00,+4.878141E+00
+8.804500E+00,+4.836432E+00,+4.878141E+00
+8.808400E+00,+4.876633E+00,+4.859715E+00
+8.812300E+00,+4.876633E+00,+4.936767E+00
+8.816200E+00,+4.867420E+00,+4.878141E+00
+8.820100E+00,+4.807119E+00,+4.878141E+00
+8.824000E+00,+4.867420E+00,+4.878141E+00
+8.827900E+00,+4.865745E+00,+4.878141E+00
+8.831800E+00,+4.876633E+00,+4.878141E+00
+8.835700E+00,+4.836432E+00,+4.819514E+00
+8.839600E+00,+4.845645E+00,+4.735762E+00
+8.843500E+00,+4.876633E+00,+4.797739E+00
+8.847400E+00,+4.876633E+00,+4.859715E+00
+8.851300E+00,+4.847320E+00,+4.878141E+00
+8.855200E+00,+4.867420E+00,+4.859715E+00
+8.859100E+00,+4.876633E+00,+4.841290E+00
+8.863000E+00,+4.876633E+00,+1.097571E+00
+8.866900E+00,+4.865745E+00,+4.878141E+00
+8.870800E+00,+4.876633E+00,+4.859715E+00
+8.874700E+00,+4.825544E+00,+4.856365E+00
+8.878600E+00,+4.867420E+00,+4.896566E+00
+8.882500E+00,+4.836432E+00,+4.856365E+00
+8.886400E+00,+4.845645E+00,+4.859715E+00
+8.890300E+00,+4.865745E+00,+4.856365E+00
+8.894200E+00,+4.867420E+00,+4.834590E+00
+8.898100E+00,+4.865745E+00,+4.856365E+00
+8.902000E+00,+4.867420E+00,+4.878141E+00
+8.905900E+00,+4.847320E+00,+4.878141E+00
+8.909800E+00,+4.836432E+00,+4.816164E+00
+8.913700E+00,+4.895059E+00,+4.878141E+00
+8.917600E+00,+4.845645E+00,+4.834590E+00
+8.921500E+00,+4.876633E+00,+4.878141E+00
+8.925400E+00,+4.867420E+00,+4.859715E+00
+8.929300E+00,+4.887521E+00,+4.819514E+00
+8.933200E+00,+4.845645E+00,+4.816164E+00
+8.937100E+00,+4.865745E+00,+4.899916E+00
+8.941000E+00,+4.898409E+00,+4.878141E+00
+8.944900E+00,+4.895059E+00,+4.878141E+00
+8.948800E+00,+4.836432E+00,+4.896566E+00
+8.952700E+00,+4.836432E+00,+4.819514E+00
+8.956600E+00,+4.836432E+00,+4.834590E+00
+8.960500E+00,+4.836432E+00,+4.878141E+00
+8.964400E+00,+4.836432E+00,+4.816164E+00
+8.968300E+00,+4.876633E+00,+4.878141E+00
+8.972200E+00,+4.845645E+00,+4.754188E+00
+8.976100E+00,+4.836432E+00,+4.893216E+00
+8.980000E+00,+4.836432E+00,+4.797739E+00
+8.983900E+00,+4.847320E+00,+4.856365E+00
+8.987800E+00,+4.836432E+00,+4.834590E+00
+8.991700E+00,+4.847320E+00,+4.936767E+00
+8.995600E+00,+4.876633E+00,+4.878141E+00
+8.999500E+00,+4.865745E+00,+4.878141E+00
+9.003400E+00,+4.836432E+00,+4.816164E+00
+9.007300E+00,+4.836432E+00,+4.936767E+00
+9.011200E+00,+4.836432E+00,+4.878141E+00
+9.015100E+00,+4.865745E+00,+4.878141E+00
+9.019000E+00,+4.845645E+00,+4.878141E+00
+9.022900E+00,+4.876633E+00,+4.878141E+00
+9.026800E+00,+4.836432E+00,+4.878141E+00
+9.030700E+00,+4.818007E+00,+4.797739E+00
+9.034600E+00,+4.876633E+00,+4.859715E+00
+9.038500E+00,+4.847320E+00,+4.819514E+00
+9.042400E+00,+4.867420E+00,+4.878141E+00
+9.046300E+00,+4.865745E+00,+4.856365E+00
+9.050200E+00,+4.876633E+00,+115.997E-03
+9.054100E+00,+4.865745E+00,+4.878141E+00
+9.058000E+00,+4.876633E+00,+4.797739E+00
+9.061900E+00,+4.865745E+00,+4.899916E+00
+9.065800E+00,+4.876633E+00,+4.878141E+00
+9.069700E+00,+4.876633E+00,+4.878141E+00
+9.073600E+00,+4.836432E+00,+4.878141E+00
+9.077500E+00,+4.836432E+00,+4.797739E+00
+9.081400E+00,+4.867420E+00,+4.940117E+00
+9.085300E+00,+4.865745E+00,+4.819514E+00
+9.089200E+00,+4.845645E+00,+4.878141E+00
+9.093100E+00,+4.865745E+00,+4.856365E+00
+9.097000E+00,+4.845645E+00,+4.816164E+00
+9.100900E+00,+4.847320E+00,+4.878141E+00
+9.104800E+00,+4.836432E+00,+4.878141E+00
+9.108700E+00,+4.796231E+00,+4.856365E+00
+9.112600E+00,+4.876633E+00,+4.878141E+00
+9.116500E+00,+4.836432E+00,+4.878141E+00
+9.120400E+00,+4.845645E+00,+4.816164E+00
+9.124300E+00,+4.876633E+00,+4.878141E+00
+9.128200E+00,+4.836432E+00,+4.878141E+00
+9.132100E+00,+4.876633E+00,+4.856365E+00
+9.136000E+00,+4.836432E+00,+4.878141E+00
+9.139900E+00,+4.847320E+00,+4.797739E+00
+9.143800E+00,+4.867420E+00,+4.797739E+00
+9.147700E+00,+4.876633E+00,+4.878141E+00
+9.151600E+00,+4.876633E+00,+4.896566E+00
+9.155500E+00,+4.847320E+00,+4.878141E+00
+9.159400E+00,+4.836432E+00,+4.878141E+00
+9.163300E+00,+4.865745E+00,+4.899916E+00
+9.167200E+00,+4.836432E+00,+4.859715E+00
+9.171100E+00,+4.876633E+00,+4.878141E+00
+9.175000E+00,+4.845645E+00,+4.816164E+00
+9.178900E+00,+4.836432E+00,+4.878141E+00
+9.182800E+00,+4.845645E+00,+4.896566E+00
+9.186700E+00,+4.865745E+00,+4.856365E+00
+9.190600E+00,+4.876633E+00,+4.816164E+00
+9.194500E+00,+4.836432E+00,+4.878141E+00
+9.198400E+00,+4.836432E+00,+4.859715E+00
+9.202300E+00,+4.876633E+00,+4.878141E+00
+9.206200E+00,+4.876633E+00,+4.896566E+00
+9.210100E+00,+4.836432E+00,+4.819514E+00
+9.214000E+00,+4.836432E+00,+4.859715E+00
+9.217900E+00,+4.865745E+00,+4.856365E+00
+9.221800E+00,+4.867420E+00,+4.816164E+00
+9.225700E+00,+4.876633E+00,+4.936767E+00
+9.229600E+00,+4.836432E+00,+4.816164E+00
+9.233500E+00,+4.836432E+00,+4.899916E+00
+9.237400E+00,+4.845645E+00,+3.772613E+00
+9.241300E+00,+4.836432E+00,+4.914992E+00
+9.245200E+00,+4.876633E+00,+4.940117E+00
+9.249100E+00,+4.836432E+00,+4.878141E+00
+9.253000E+00,+4.867420E+00,+4.859715E+00
+9.256900E+00,+4.865745E+00,+3.593384E+00
+9.260800E+00,+4.845645E+00,+4.878141E+00
+9.264700E+00,+4.876633E+00,+4.856365E+00
+9.268600E+00,+4.845645E+00,+4.878141E+00
+9.272500E+00,+4.865745E+00,+4.856365E+00
+9.276400E+00,+4.876633E+00,+4.940117E+00
+9.280300E+00,+4.847320E+00,+4.878141E+00
+9.284200E+00,+4.867420E+00,+4.940117E+00
+9.288100E+00,+4.836432E+00,+4.878141E+00
+9.292000E+00,+4.867420E+00,+4.859715E+00
+9.295900E+00,+4.847320E+00,+4.878141E+00
+9.299800E+00,+4.876633E+00,+4.816164E+00
+9.303700E+00,+4.865745E+00,+4.797739E+00
+9.307600E+00,+4.876633E+00,+4.834590E+00
+9.311500E+00,+4.865745E+00,+4.819514E+00
+9.315400E+00,+4.876633E+00,+4.859715E+00
+9.319300E+00,+4.865745E+00,+4.797739E+00
+9.323200E+00,+4.867420E+00,+4.816164E+00
+9.327100E+00,+4.887521E+00,+4.856365E+00
+9.331000E+00,+4.845645E+00,+4.754188E+00
+9.334900E+00,+4.876633E+00,+4.936767E+00
+9.338800E+00,+4.836432E+00,+4.878141E+00
+9.342700E+00,+4.876633E+00,+4.878141E+00
+9.346600E+00,+4.836432E+00,+4.878141E+00
+9.350500E+00,+4.865745E+00,+3.512982E+00
+9.354400E+00,+4.845645E+00,+4.878141E+00
+9.358300E+00,+4.825544E+00,+4.797739E+00
+9.362200E+00,+4.836432E+00,+4.958543E+00
+9.366100E+00,+4.865745E+00,+4.856365E+00
+9.370000E+00,+4.845645E+00,+4.878141E+00
+9.373900E+00,+4.836432E+00,+4.819514E+00
+9.377800E+00,+4.876633E+00,+4.940117E+00
+9.381700E+00,+4.876633E+00,+4.819514E+00
+9.385600E+00,+4.876633E+00,+4.896566E+00
+9.389500E+00,+4.847320E+00,+4.878141E+00
+9.393400E+00,+4.845645E+00,+4.878141E+00
+9.397300E+00,+4.836432E+00,+4.878141E+00
+9.401200E+00,+4.876633E+00,+4.878141E+00
+9.405100E+00,+4.865745E+00,+4.819514E+00
+9.409000E+00,+4.876633E+00,+4.940117E+00
+9.412900E+00,+4.865745E+00,+4.878141E+00
+9.416800E+00,+4.845645E+00,+4.896566E+00
+9.420700E+00,+4.847320E+00,+4.878141E+00
+9.424600E+00,+4.907621E+00,+3.710636E+00
+9.428500E+00,+4.847320E+00,+4.819514E+00
+9.432400E+00,+4.876633E+00,+4.878141E+00
+9.436300E+00,+4.865745E+00,+4.878141E+00
+9.440200E+00,+4.867420E+00,+4.940117E+00
+9.444100E+00,+4.836432E+00,+3.593384E+00
+9.448000E+00,+4.876633E+00,+4.797739E+00
+9.451900E+00,+4.847320E+00,+4.878141E+00
+9.455800E+00,+4.836432E+00,+4.816164E+00
+9.459700E+00,+4.876633E+00,+4.856365E+00
+9.463600E+00,+4.845645E+00,+4.896566E+00
+9.467500E+00,+4.836432E+00,+4.841290E+00
+9.471400E+00,+4.845645E+00,+4.878141E+00
+9.475300E+00,+4.854858E+00,+4.819514E+00
+9.479200E+00,+4.876633E+00,+4.816164E+00
+9.483100E+00,+4.865745E+00,+4.878141E+00
+9.487000E+00,+4.845645E+00,+4.878141E+00
+9.490900E+00,+4.876633E+00,+4.878141E+00
+9.494800E+00,+4.836432E+00,+4.797739E+00
+9.498700E+00,+4.836432E+00,+4.856365E+00
+9.502600E+00,+4.836432E+00,+4.816164E+00
+9.506500E+00,+4.905946E+00,+4.819514E+00
+9.510400E+00,+4.867420E+00,+4.859715E+00
+9.514300E+00,+4.876633E+00,+4.899916E+00
+9.518200E+00,+4.867420E+00,+4.816164E+00
+9.522100E+00,+4.865745E+00,+4.878141E+00
+9.526000E+00,+4.845645E+00,+4.797739E+00
+9.529900E+00,+4.836432E+00,+4.856365E+00
+9.533800E+00,+4.845645E+00,+4.816164E+00
+9.537700E+00,+4.876633E+00,+1.419179E+00
+9.541600E+00,+4.876633E+00,+4.816164E+00
+9.545500E+00,+4.865745E+00,+4.914992E+00
+9.549400E+00,+4.876633E+00,+4.878141E+00
+9.553300E+00,+4.876633E+00,+4.878141E+00
+9.557200E+00,+4.876633E+00,+4.797739E+00
+9.561100E+00,+4.865745E+00,+4.899916E+00
+9.565000E+00,+4.867420E+00,+4.859715E+00
+9.568900E+00,+4.847320E+00,+4.878141E+00
+9.572800E+00,+4.845645E+00,+4.878141E+00
+9.576700E+00,+4.865745E+00,+4.797739E+00
+9.580600E+00,+4.867420E+00,+4.816164E+00
+9.584500E+00,+4.865745E+00,+4.878141E+00
+9.588400E+00,+4.876633E+00,+4.896566E+00
+9.592300E+00,+4.876633E+00,+4.878141E+00
+9.596200E+00,+4.867420E+00,+4.878141E+00
+9.600100E+00,+4.865745E+00,+4.936767E+00
+9.604000E+00,+4.814657E+00,+4.816164E+00
+9.607900E+00,+4.847320E+00,+4.856365E+00
+9.611800E+00,+4.836432E+00,+4.878141E+00
+9.615700E+00,+4.876633E+00,+4.878141E+00
+9.619600E+00,+4.845645E+00,+4.859715E+00
+9.623500E+00,+4.847320E+00,+4.841290E+00
+9.627400E+00,+4.876633E+00,+4.878141E+00
+9.631300E+00,+4.865745E+00,+1.419179E+00
+9.635200E+00,+4.836432E+00,+4.878141E+00
+9.639100E+00,+4.847320E+00,+4.878141E+00
+9.643000E+00,+4.845645E+00,+4.859715E+00
+9.646900E+00,+4.876633E+00,+4.856365E+00
+9.650800E+00,+4.845645E+00,+4.921692E+00
+9.654700E+00,+4.865745E+00,+4.856365E+00
+9.658600E+00,+4.845645E+00,+4.878141E+00
+9.662500E+00,+4.865745E+00,+4.878141E+00
+9.666400E+00,+4.867420E+00,+4.816164E+00
+9.670300E+00,+4.847320E+00,+4.878141E+00
+9.674200E+00,+4.845645E+00,+4.878141E+00
+9.678100E+00,+4.836432E+00,+4.878141E+00
+9.682000E+00,+4.876633E+00,+4.816164E+00
+9.685900E+00,+4.865745E+00,+4.878141E+00
+9.689800E+00,+4.845645E+00,+4.878141E+00
+9.693700E+00,+4.836432E+00,+4.878141E+00
+9.697600E+00,+4.876633E+00,+4.940117E+00
+9.701500E+00,+4.876633E+00,+4.856365E+00
+9.705400E+00,+4.836432E+00,+4.878141E+00
+9.709300E+00,+4.836432E+00,+4.841290E+00
+9.713200E+00,+4.867420E+00,+4.878141E+00
+9.717100E+00,+4.836432E+00,+4.797739E+00
+9.721000E+00,+4.867420E+00,+4.859715E+00
+9.724900E+00,+4.847320E+00,+4.878141E+00
+9.728800E+00,+4.867420E+00,+4.878141E+00
+9.732700E+00,+4.847320E+00,+4.797739E+00
+9.736600E+00,+4.836432E+00,+4.816164E+00
+9.740500E+00,+4.876633E+00,+4.878141E+00
+9.744400E+00,+4.845645E+00,+1.141122E+00
+9.748300E+00,+4.836432E+00,+4.878141E+00
+9.752200E+00,+4.876633E+00,+4.878141E+00
+9.756100E+00,+4.836432E+00,+4.819514E+00
+9.760000E+00,+4.836432E+00,+4.940117E+00
+9.763900E+00,+4.865745E+00,+4.936767E+00
+9.767800E+00,+4.867420E+00,+4.859715E+00
+9.771700E+00,+4.876633E+00,+4.856365E+00
+9.775600E+00,+4.845645E+00,+4.878141E+00
+9.779500E+00,+4.847320E+00,+4.878141E+00
+9.783400E+00,+4.876633E+00,+4.878141E+00
+9.787300E+00,+4.847320E+00,+4.878141E+00
+9.791200E+00,+4.876633E+00,+4.878141E+00
+9.795100E+00,+4.876633E+00,+4.819514E+00
+9.799000E+00,+4.876633E+00,+4.816164E+00
+9.802900E+00,+4.836432E+00,+4.878141E+00
+9.806800E+00,+4.836432E+00,+4.940117E+00
+9.810700E+00,+4.876633E+00,+4.878141E+00
+9.814600E+00,+4.836432E+00,+4.878141E+00
+9.818500E+00,+4.876633E+00,+4.797739E+00
+9.822400E+00,+4.836432E+00,+4.797739E+00
+9.826300E+00,+4.865745E+00,+4.899916E+00
+9.830200E+00,+4.845645E+00,+4.958543E+00
+9.834100E+00,+4.895059E+00,+4.856365E+00
+9.838000E+00,+4.876633E+00,+4.921692E+00
+9.841900E+00,+4.854858E+00,+4.878141E+00
+9.845800E+00,+4.836432E+00,+4.878141E+00
+9.849700E+00,+4.847320E+00,+4.856365E+00
+9.853600E+00,+4.845645E+00,+4.816164E+00
+9.857500E+00,+4.847320E+00,+4.878141E+00
+9.861400E+00,+4.836432E+00,+4.878141E+00
+9.865300E+00,+4.847320E+00,+4.878141E+00
+9.869200E+00,+4.867420E+00,+4.878141E+00
+9.873100E+00,+4.876633E+00,+4.878141E+00
+9.877000E+00,+4.845645E+00,+4.878141E+00
+9.880900E+00,+4.865745E+00,+4.819514E+00
+9.884800E+00,+4.867420E+00,+4.878141E+00
+9.888700E+00,+4.836432E+00,+4.856365E+00
+9.892600E+00,+4.836432E+00,+4.797739E+00
+9.896500E+00,+4.876633E+00,+4.878141E+00
+9.900400E+00,+4.845645E+00,+4.859715E+00
+9.904300E+00,+4.876633E+00,+4.878141E+00
+9.908200E+00,+4.845645E+00,+4.878141E+00
+9.912100E+00,+4.876633E+00,+4.878141E+00
+9.916000E+00,+4.867420E+00,+4.816164E+00
+9.919900E+00,+4.836432E+00,+4.878141E+00
+9.923800E+00,+4.867420E+00,+4.878141E+00
+9.927700E+00,+4.865745E+00,+4.856365E+00
+9.931600E+00,+4.845645E+00,+3.772613E+00
+9.935500E+00,+4.847320E+00,+4.878141E+00
+9.939400E+00,+4.876633E+00,+4.878141E+00
+9.943300E+00,+4.836432E+00,+4.878141E+00
+9.947200E+00,+4.867420E+00,+4.878141E+00
+9.951100E+00,+4.847320E+00,+3.652010E+00
+9.955000E+00,+4.845645E+00,+4.878141E+00
+9.958900E+00,+4.836432E+00,+4.899916E+00
+9.962800E+00,+4.814657E+00,+4.859715E+00
+9.966700E+00,+4.847320E+00,+4.878141E+00
+9.970600E+00,+4.845645E+00,+4.878141E+00
+9.974500E+00,+4.847320E+00,+4.878141E+00
+9.978400E+00,+4.867420E+00,+4.921692E+00
+9.982300E+00,+4.836432E+00,+4.878141E+00
+9.986200E+00,+4.845645E+00,+4.816164E+00
+9.990100E+00,+4.847320E+00,+4.899916E+00
+9.994000E+00,+4.836432E+00,+4.958543E+00
+9.997900E+00,+4.847320E+00,+4.841290E+00
+10.001800E+00,+4.845645E+00,+4.878141E+00
+10.005700E+00,+4.836432E+00,+4.878141E+00
+10.009600E+00,+4.876633E+00,+4.816164E+00
+10.013500E+00,+4.865745E+00,+4.878141E+00
+10.017400E+00,+4.867420E+00,+4.797739E+00
+10.021300E+00,+4.865745E+00,+4.878141E+00
+10.025200E+00,+4.867420E+00,+4.859715E+00
+10.029100E+00,+4.847320E+00,+4.856365E+00
+10.033000E+00,+4.867420E+00,+4.896566E+00
+10.036900E+00,+4.847320E+00,+4.878141E+00
+10.040800E+00,+4.876633E+00,+4.878141E+00
+10.044700E+00,+4.836432E+00,+3.534757E+00
+10.048600E+00,+4.867420E+00,+4.896566E+00
+10.052500E+00,+4.836432E+00,+4.878141E+00
+10.056400E+00,+4.876633E+00,+4.859715E+00
+10.060300E+00,+4.836432E+00,+4.878141E+00
+10.064200E+00,+4.858208E+00,+4.859715E+00
+10.068100E+00,+4.854858E+00,+4.878141E+00
+10.072000E+00,+4.836432E+00,+4.878141E+00
+10.075900E+00,+4.876633E+00,+4.878141E+00
+10.079800E+00,+4.876633E+00,+4.859715E+00
+10.083700E+00,+4.836432E+00,+4.819514E+00
+10.087600E+00,+4.836432E+00,+4.834590E+00
+10.091500E+00,+4.847320E+00,+4.878141E+00
+10.095400E+00,+4.836432E+00,+4.940117E+00
+10.099300E+00,+4.905946E+00,+4.856365E+00
+10.103200E+00,+4.867420E+00,+4.859715E+00
+10.107100E+00,+4.865745E+00,+4.878141E+00
+10.111000E+00,+4.836432E+00,+4.878141E+00
+10.114900E+00,+4.836432E+00,+4.878141E+00
+10.118800E+00,+4.836432E+00,+4.958543E+00
+10.122700E+00,+4.865745E+00,+4.878141E+00
+10.126600E+00,+4.876633E+00,+4.878141E+00
+10.130500E+00,+4.876633E+00,+4.878141E+00
+10.134400E+00,+4.854858E+00,+4.816164E+00
+10.138300E+00,+4.836432E+00,+4.878141E+00
+10.142200E+00,+4.836432E+00,+4.878141E+00
+10.146100E+00,+4.836432E+00,+4.878141E+00
+10.150000E+00,+4.867420E+00,+4.816164E+00
+10.153900E+00,+4.847320E+00,+4.958543E+00
+10.157800E+00,+4.907621E+00,+4.878141E+00
+10.161700E+00,+4.836432E+00,+4.819514E+00
+10.165600E+00,+4.836432E+00,+4.878141E+00
+10.169500E+00,+4.876633E+00,+4.856365E+00
+10.173400E+00,+4.876633E+00,+4.859715E+00
+10.177300E+00,+4.876633E+00,+4.878141E+00
+10.181200E+00,+4.845645E+00,+4.878141E+00
+10.185100E+00,+4.876633E+00,+4.819514E+00
+10.189000E+00,+4.845645E+00,+4.896566E+00
+10.192900E+00,+4.865745E+00,+4.936767E+00
+10.196800E+00,+4.845645E+00,+4.797739E+00
+10.200700E+00,+4.865745E+00,+4.899916E+00
+10.204600E+00,+4.836432E+00,+4.878141E+00
+10.208500E+00,+4.876633E+00,+4.856365E+00
+10.212400E+00,+4.845645E+00,+4.859715E+00
+10.216300E+00,+4.836432E+00,+4.878141E+00
+10.220200E+00,+4.836432E+00,+4.816164E+00
+10.224100E+00,+4.876633E+00,+4.878141E+00
+10.228000E+00,+4.836432E+00,+4.878141E+00
+10.231900E+00,+4.836432E+00,+4.878141E+00
+10.235800E+00,+4.867420E+00,+4.859715E+00
+10.239700E+00,+4.836432E+00,+4.878141E+00
+10.243600E+00,+4.867420E+00,+4.878141E+00
+10.247500E+00,+4.836432E+00,+4.819514E+00
+10.251400E+00,+4.836432E+00,+4.878141E+00
+10.255300E+00,+4.807119E+00,+4.914992E+00
+10.259200E+00,+4.876633E+00,+4.816164E+00
+10.263100E+00,+4.836432E+00,+4.936767E+00
+10.267000E+00,+4.836432E+00,+4.878141E+00
+10.270900E+00,+4.865745E+00,+4.899916E+00
+10.274800E+00,+4.845645E+00,+4.896566E+00
+10.278700E+00,+4.865745E+00,+4.856365E+00
+10.282600E+00,+4.836432E+00,+4.878141E+00
+10.286500E+00,+4.876633E+00,+4.819514E+00
+10.290400E+00,+4.867420E+00,+4.921692E+00
+10.294300E+00,+4.865745E+00,+4.878141E+00
+10.298200E+00,+4.876633E+00,+4.878141E+00
+10.302100E+00,+4.847320E+00,+4.819514E+00
+10.306000E+00,+4.836432E+00,+4.878141E+00
+10.309900E+00,+4.847320E+00,+4.878141E+00
+10.313800E+00,+4.845645E+00,+4.896566E+00
+10.317700E+00,+4.865745E+00,+4.878141E+00
+10.321600E+00,+4.876633E+00,+4.859715E+00
+10.325500E+00,+4.865745E+00,+4.819514E+00
+10.329400E+00,+4.836432E+00,+4.878141E+00
+10.333300E+00,+4.865745E+00,+4.936767E+00
+10.337200E+00,+4.876633E+00,+4.797739E+00
+10.341100E+00,+4.865745E+00,+4.878141E+00
+10.345000E+00,+4.876633E+00,+54.020E-03
+10.348900E+00,+4.847320E+00,+4.878141E+00
+10.352800E+00,+4.836432E+00,+4.797739E+00
+10.356700E+00,+4.836432E+00,+4.856365E+00
+10.360600E+00,+4.845645E+00,+4.859715E+00
+10.364500E+00,+4.876633E+00,+3.549832E+00
+10.368400E+00,+4.836432E+00,+4.878141E+00
+10.372300E+00,+4.865745E+00,+4.878141E+00
+10.376200E+00,+4.836432E+00,+4.878141E+00
+10.380100E+00,+4.836432E+00,+4.878141E+00
+10.384000E+00,+4.845645E+00,+4.859715E+00
+10.387900E+00,+4.836432E+00,+4.856365E+00
+10.391800E+00,+4.867420E+00,+4.816164E+00
+10.395700E+00,+4.847320E+00,+4.819514E+00
+10.399600E+00,+4.867420E+00,+4.797739E+00
+10.403500E+00,+4.836432E+00,+4.878141E+00
+10.407400E+00,+4.876633E+00,+4.878141E+00
+10.411300E+00,+4.836432E+00,+4.914992E+00
+10.415200E+00,+4.836432E+00,+4.859715E+00
+10.419100E+00,+4.865745E+00,+4.856365E+00
+10.423000E+00,+4.836432E+00,+4.816164E+00
+10.426900E+00,+4.876633E+00,+4.878141E+00
+10.430800E+00,+4.876633E+00,+4.878141E+00
+10.434700E+00,+4.836432E+00,+4.878141E+00
+10.438600E+00,+4.876633E+00,+4.859715E+00
+10.442500E+00,+4.836432E+00,+4.878141E+00
+10.446400E+00,+4.876633E+00,+4.878141E+00
+10.450300E+00,+4.865745E+00,+4.899916E+00
+10.454200E+00,+4.845645E+00,+4.816164E+00
+10.458100E+00,+4.865745E+00,+3.630234E+00
+10.462000E+00,+4.876633E+00,+4.896566E+00
+10.465900E+00,+4.865745E+00,+4.819514E+00
+10.469800E+00,+4.876633E+00,+4.878141E+00
+10.473700E+00,+4.876633E+00,+4.819514E+00
+10.477600E+00,+4.845645E+00,+4.878141E+00
+10.481500E+00,+4.854858E+00,+4.878141E+00
+10.485400E+00,+4.836432E+00,+4.940117E+00
+10.489300E+00,+4.836432E+00,+4.819514E+00
+10.493200E+00,+4.836432E+00,+4.816164E+00
+10.497100E+00,+4.847320E+00,+4.819514E+00
+10.501000E+00,+4.867420E+00,+4.859715E+00
+10.504900E+00,+4.876633E+00,+4.856365E+00
+10.508800E+00,+4.867420E+00,+4.878141E+00
+10.512700E+00,+4.847320E+00,+4.819514E+00
+10.516600E+00,+4.867420E+00,+4.878141E+00
+10.520500E+00,+4.847320E+00,+4.819514E+00
+10.524400E+00,+4.907621E+00,+4.878141E+00
+10.528300E+00,+4.876633E+00,+4.819514E+00
+10.532200E+00,+4.876633E+00,+4.896566E+00
+10.536100E+00,+4.836432E+00,+4.856365E+00
+10.540000E+00,+4.845645E+00,+4.859715E+00
+10.543900E+00,+4.865745E+00,+4.819514E+00
+10.547800E+00,+4.867420E+00,+4.878141E+00
+10.551700E+00,+4.836432E+00,+1.397404E+00
+10.555600E+00,+4.836432E+00,+4.878141E+00
+10.559500E+00,+4.854858E+00,+4.856365E+00
+10.563400E+00,+4.805444E+00,+4.816164E+00
+10.567300E+00,+4.876633E+00,+4.863065E+00
+10.571200E+00,+4.876633E+00,+1.159548E+00
+10.575100E+00,+4.865745E+00,+4.958543E+00
+10.579000E+00,+4.876633E+00,+4.878141E+00
+10.582900E+00,+4.847320E+00,+4.878141E+00
+10.586800E+00,+4.867420E+00,+4.878141E+00
+10.590700E+00,+4.865745E+00,+4.878141E+00
+10.594600E+00,+4.867420E+00,+4.878141E+00
+10.598500E+00,+4.836432E+00,+4.878141E+00
+10.602400E+00,+4.867420E+00,+4.859715E+00
+10.606300E+00,+4.836432E+00,+4.797739E+00
+10.610200E+00,+4.836432E+00,+4.816164E+00
+10.614100E+00,+4.876633E+00,+4.878141E+00
+10.618000E+00,+4.845645E+00,+4.878141E+00
+10.621900E+00,+4.847320E+00,+4.797739E+00
+10.625800E+00,+4.836432E+00,+4.816164E+00
+10.629700E+00,+4.836432E+00,+4.878141E+00
+10.633600E+00,+4.836432E+00,+4.878141E+00
+10.637500E+00,+4.836432E+00,+4.878141E+00
+10.641400E+00,+4.885846E+00,+4.816164E+00
+10.645300E+00,+4.865745E+00,+4.899916E+00
+10.649200E+00,+4.876633E+00,+4.859715E+00
+10.653100E+00,+4.865745E+00,+4.797739E+00
+10.657000E+00,+4.836432E+00,+4.859715E+00
+10.660900E+00,+4.847320E+00,+4.878141E+00
+10.664800E+00,+4.845645E+00,+1.097571E+00
+10.668700E+00,+4.847320E+00,+4.841290E+00
+10.672600E+00,+4.845645E+00,+4.878141E+00
+10.676500E+00,+4.836432E+00,+4.878141E+00
+10.680400E+00,+4.836432E+00,+4.896566E+00
+10.684300E+00,+4.876633E+00,+4.819514E+00
+10.688200E+00,+4.876633E+00,+4.816164E+00
+10.692100E+00,+4.847320E+00,+4.819514E+00
+10.696000E+00,+4.836432E+00,+4.878141E+00
+10.699900E+00,+4.865745E+00,+4.878141E+00
+10.703800E+00,+4.867420E+00,+4.859715E+00
+10.707700E+00,+4.876633E+00,+4.856365E+00
+10.711600E+00,+4.845645E+00,+4.878141E+00
+10.715500E+00,+4.836432E+00,+4.856365E+00
+10.719400E+00,+4.867420E+00,+4.797739E+00
+10.723300E+00,+4.847320E+00,+4.878141E+00
+10.727200E+00,+4.876633E+00,+4.816164E+00
+10.731100E+00,+4.865745E+00,+4.878141E+00
+10.735000E+00,+4.845645E+00,+4.816164E+00
+10.738900E+00,+4.876633E+00,+4.899916E+00
+10.742800E+00,+4.845645E+00,+4.896566E+00
+10.746700E+00,+4.847320E+00,+4.856365E+00
+10.750600E+00,+4.836432E+00,+4.834590E+00
+10.754500E+00,+4.865745E+00,+4.899916E+00
+10.758400E+00,+4.836432E+00,+3.710636E+00
+10.762300E+00,+4.836432E+00,+4.878141E+00
+10.766200E+00,+4.876633E+00,+4.958543E+00
+10.770100E+00,+4.847320E+00,+4.856365E+00
+10.774000E+00,+4.858208E+00,+4.878141E+00
+10.777900E+00,+4.847320E+00,+3.571608E+00
+10.781800E+00,+4.876633E+00,+4.797739E+00
+10.785700E+00,+4.876633E+00,+4.856365E+00
+10.789600E+00,+4.876633E+00,+4.921692E+00
+10.793500E+00,+4.836432E+00,+4.819514E+00
+10.797400E+00,+4.876633E+00,+4.878141E+00
+10.801300E+00,+4.865745E+00,+4.914992E+00
+10.805200E+00,+4.867420E+00,+4.834590E+00
+10.809100E+00,+4.865745E+00,+4.878141E+00
+10.813000E+00,+4.876633E+00,+4.816164E+00
+10.816900E+00,+4.847320E+00,+4.797739E+00
+10.820800E+00,+4.845645E+00,+4.878141E+00
+10.824700E+00,+4.847320E+00,+4.819514E+00
+10.828600E+00,+4.867420E+00,+4.878141E+00
+10.832500E+00,+4.854858E+00,+4.797739E+00
+10.836400E+00,+4.805444E+00,+4.896566E+00
+10.840300E+00,+4.876633E+00,+4.878141E+00
+10.844200E+00,+4.845645E+00,+4.859715E+00
+10.848100E+00,+4.836432E+00,+4.856365E+00
+10.852000E+00,+4.836432E+00,+4.878141E+00
+10.855900E+00,+4.847320E+00,+4.878141E+00
+10.859800E+00,+4.867420E+00,+4.878141E+00
+10.863700E+00,+4.836432E+00,+4.878141E+00
+10.867600E+00,+4.867420E+00,+4.896566E+00
+10.871500E+00,+4.865745E+00,+1.338777E+00
+10.875400E+00,+4.836432E+00,+4.816164E+00
+10.879300E+00,+4.836432E+00,+4.834590E+00
+10.883200E+00,+4.876633E+00,+4.940117E+00
+10.887100E+00,+4.865745E+00,+4.856365E+00
+10.891000E+00,+4.876633E+00,+1.141122E+00
+10.894900E+00,+4.865745E+00,+4.878141E+00
+10.898800E+00,+4.845645E+00,+4.878141E+00
+10.902700E+00,+4.847320E+00,+4.878141E+00
+10.906600E+00,+4.845645E+00,+4.921692E+00
+10.910500E+00,+4.836432E+00,+4.819514E+00
+10.914400E+00,+4.845645E+00,+4.878141E+00
+10.918300E+00,+4.807119E+00,+4.958543E+00
+10.922200E+00,+4.867420E+00,+4.878141E+00
+10.926100E+00,+4.836432E+00,+4.819514E+00
+10.930000E+00,+4.867420E+00,+4.816164E+00
+10.933900E+00,+4.876633E+00,+4.878141E+00
+10.937800E+00,+4.867420E+00,+4.859715E+00
+10.941700E+00,+4.876633E+00,+4.856365E+00
+10.945600E+00,+4.876633E+00,+4.878141E+00
+10.949500E+00,+4.876633E+00,+4.819514E+00
+10.953400E+00,+4.867420E+00,+4.816164E+00
+10.957300E+00,+4.847320E+00,+4.878141E+00
+10.961200E+00,+4.845645E+00,+4.878141E+00
+10.965100E+00,+4.876633E+00,+4.878141E+00
+10.969000E+00,+4.876633E+00,+4.816164E+00
+10.972900E+00,+4.865745E+00,+4.856365E+00
+10.976800E+00,+4.867420E+00,+4.878141E+00
+10.980700E+00,+4.876633E+00,+4.878141E+00
+10.984600E+00,+4.876633E+00,+1.301926E+00
+10.988500E+00,+4.876633E+00,+4.856365E+00
+10.992400E+00,+4.898409E+00,+4.859715E+00
+10.996300E+00,+4.836432E+00,+4.878141E+00
+11.000200E+00,+4.876633E+00,+4.797739E+00
+11.004100E+00,+4.865745E+00,+4.878141E+00
+11.008000E+00,+4.845645E+00,+4.878141E+00
+11.011900E+00,+4.847320E+00,+4.899916E+00
+11.015800E+00,+4.836432E+00,+4.859715E+00
+11.019700E+00,+4.847320E+00,+4.899916E+00
+11.023600E+00,+4.836432E+00,+4.816164E+00
+11.027500E+00,+4.865745E+00,+4.819514E+00
+11.031400E+00,+4.867420E+00,+4.878141E+00
+11.035300E+00,+4.836432E+00,+4.878141E+00
+11.039200E+00,+4.876633E+00,+4.878141E+00
+11.043100E+00,+4.876633E+00,+4.878141E+00
+11.047000E+00,+4.867420E+00,+4.878141E+00
+11.050900E+00,+4.836432E+00,+4.878141E+00
+11.054800E+00,+4.845645E+00,+4.878141E+00
+11.058700E+00,+4.836432E+00,+4.878141E+00
+11.062600E+00,+4.907621E+00,+4.859715E+00
+11.066500E+00,+4.876633E+00,+4.856365E+00
+11.070400E+00,+4.876633E+00,+4.878141E+00
+11.074300E+00,+4.836432E+00,+4.878141E+00
+11.078200E+00,+4.836432E+00,+3.791038E+00
+11.082100E+00,+4.836432E+00,+4.878141E+00
+11.086000E+00,+4.867420E+00,+4.797739E+00
+11.089900E+00,+4.836432E+00,+4.841290E+00
+11.093800E+00,+4.836432E+00,+4.878141E+00
+11.097700E+00,+4.847320E+00,+3.652010E+00
+11.101600E+00,+4.867420E+00,+4.859715E+00
+11.105500E+00,+4.836432E+00,+4.856365E+00
+11.109400E+00,+4.836432E+00,+4.878141E+00
+11.113300E+00,+4.836432E+00,+4.878141E+00
+11.117200E+00,+4.876633E+00,+4.859715E+00
+11.121100E+00,+4.836432E+00,+4.878141E+00
+11.125000E+00,+4.867420E+00,+4.878141E+00
+11.128900E+00,+4.876633E+00,+4.760888E+00
+11.132800E+00,+4.836432E+00,+4.816164E+00
+11.136700E+00,+4.876633E+00,+4.936767E+00
+11.140600E+00,+4.836432E+00,+4.859715E+00
+11.144500E+00,+4.847320E+00,+4.878141E+00
+11.148400E+00,+4.867420E+00,+4.878141E+00
+11.152300E+00,+4.847320E+00,+4.878141E+00
+11.156200E+00,+4.876633E+00,+4.816164E+00
+11.160100E+00,+4.865745E+00,+4.878141E+00
+11.164000E+00,+4.876633E+00,+4.878141E+00
+11.167900E+00,+4.865745E+00,+4.958543E+00
+11.171800E+00,+4.836432E+00,+4.896566E+00
+11.175700E+00,+4.865745E+00,+4.856365E+00
+11.179600E+00,+4.876633E+00,+4.816164E+00
+11.183500E+00,+4.865745E+00,+4.878141E+00
+11.187400E+00,+4.845645E+00,+4.896566E+00
+11.191300E+00,+4.865745E+00,+1.419179E+00
+11.195200E+00,+4.845645E+00,+4.878141E+00
+11.199100E+00,+4.836432E+00,+4.878141E+00
+11.203000E+00,+4.876633E+00,+4.878141E+00
+11.206900E+00,+4.836432E+00,+4.936767E+00
+11.210800E+00,+4.867420E+00,+1.159548E+00
+11.214700E+00,+4.865745E+00,+4.797739E+00
+11.218600E+00,+4.836432E+00,+4.816164E+00
+11.222500E+00,+4.876633E+00,+4.878141E+00
+11.226400E+00,+4.876633E+00,+4.896566E+00
+11.230300E+00,+4.847320E+00,+4.914992E+00
+11.234200E+00,+4.867420E+00,+4.921692E+00
+11.238100E+00,+4.836432E+00,+4.841290E+00
+11.242000E+00,+4.836432E+00,+4.816164E+00
+11.245900E+00,+4.807119E+00,+4.819514E+00
+11.249800E+00,+4.867420E+00,+4.940117E+00
+11.253700E+00,+4.865745E+00,+4.878141E+00
+11.257600E+00,+4.867420E+00,+4.878141E+00
+11.261500E+00,+4.847320E+00,+4.878141E+00
+11.265400E+00,+4.845645E+00,+4.859715E+00
+11.269300E+00,+4.865745E+00,+4.958543E+00
+11.273200E+00,+4.867420E+00,+4.921692E+00
+11.277100E+00,+4.836432E+00,+4.899916E+00
+11.281000E+00,+4.845645E+00,+4.859715E+00
+11.284900E+00,+4.847320E+00,+4.856365E+00
+11.288800E+00,+4.836432E+00,+4.859715E+00
+11.292700E+00,+4.836432E+00,+4.797739E+00
+11.296600E+00,+4.836432E+00,+4.878141E+00
+11.300500E+00,+4.876633E+00,+4.819514E+00
+11.304400E+00,+4.845645E+00,+3.772613E+00
+11.308300E+00,+4.847320E+00,+4.856365E+00
+11.312200E+00,+4.867420E+00,+4.896566E+00
+11.316100E+00,+4.876633E+00,+4.856365E+00
+11.320000E+00,+4.836432E+00,+4.816164E+00
+11.323900E+00,+4.865745E+00,+3.571608E+00
+11.327800E+00,+4.836432E+00,+4.859715E+00
+11.331700E+00,+4.847320E+00,+4.819514E+00
+11.335600E+00,+4.876633E+00,+4.797739E+00
+11.339500E+00,+4.847320E+00,+4.819514E+00
+11.343400E+00,+4.876633E+00,+4.816164E+00
+11.347300E+00,+4.865745E+00,+4.878141E+00
+11.351200E+00,+4.867420E+00,+4.940117E+00
+11.355100E+00,+4.836432E+00,+4.878141E+00
+11.359000E+00,+4.836432E+00,+4.834590E+00
+11.362900E+00,+4.836432E+00,+4.856365E+00
+11.366800E+00,+4.898409E+00,+4.878141E+00
+11.370700E+00,+4.865745E+00,+4.841290E+00
+11.374600E+00,+4.845645E+00,+4.797739E+00
+11.378500E+00,+4.836432E+00,+4.841290E+00
+11.382400E+00,+4.845645E+00,+4.878141E+00
+11.386300E+00,+4.876633E+00,+4.819514E+00
+11.390200E+00,+4.845645E+00,+4.878141E+00
+11.394100E+00,+4.847320E+00,+4.878141E+00
+11.398000E+00,+4.867420E+00,+3.834590E+00
+11.401900E+00,+4.887521E+00,+4.878141E+00
+11.405800E+00,+4.845645E+00,+4.859715E+00
+11.409700E+00,+4.847320E+00,+4.856365E+00
+11.413600E+00,+4.845645E+00,+4.878141E+00
+11.417500E+00,+4.836432E+00,+1.397404E+00
+11.421400E+00,+4.876633E+00,+4.878141E+00
+11.425300E+00,+4.836432E+00,+4.797739E+00
+11.429200E+00,+4.836432E+00,+4.859715E+00
+11.433100E+00,+4.847320E+00,+4.856365E+00
+11.437000E+00,+4.867420E+00,+4.878141E+00
+11.440900E+00,+4.847320E+00,+4.878141E+00
+11.444800E+00,+4.845645E+00,+4.816164E+00
+11.448700E+00,+4.865745E+00,+4.819514E+00
+11.452600E+00,+4.845645E+00,+4.816164E+00
+11.456500E+00,+4.836432E+00,+4.878141E+00
+11.460400E+00,+4.876633E+00,+4.797739E+00
+11.464300E+00,+4.876633E+00,+4.878141E+00
+11.468200E+00,+4.845645E+00,+4.797739E+00
+11.472100E+00,+4.876633E+00,+4.819514E+00
+11.476000E+00,+4.876633E+00,+4.878141E+00
+11.479900E+00,+4.847320E+00,+4.878141E+00
+11.483800E+00,+4.867420E+00,+4.896566E+00
+11.487700E+00,+4.865745E+00,+4.878141E+00
+11.491600E+00,+4.867420E+00,+4.878141E+00
+11.495500E+00,+4.847320E+00,+4.797739E+00
+11.499400E+00,+4.845645E+00,+4.878141E+00
+11.503300E+00,+4.876633E+00,+4.819514E+00
+11.507200E+00,+4.876633E+00,+4.940117E+00
+11.511100E+00,+4.847320E+00,+4.899916E+00
+11.515000E+00,+4.845645E+00,+4.735762E+00
+11.518900E+00,+4.865745E+00,+4.856365E+00
+11.522800E+00,+4.876633E+00,+4.859715E+00
+11.526700E+00,+4.847320E+00,+4.899916E+00
+11.530600E+00,+4.836432E+00,+1.203099E+00
+11.534500E+00,+4.847320E+00,+4.856365E+00
+11.538400E+00,+4.814657E+00,+4.834590E+00
+11.542300E+00,+4.847320E+00,+4.819514E+00
+11.546200E+00,+4.845645E+00,+4.958543E+00
+11.550100E+00,+4.876633E+00,+4.856365E+00
+11.554000E+00,+4.845645E+00,+4.878141E+00
+11.557900E+00,+4.836432E+00,+4.878141E+00
+11.561800E+00,+4.845645E+00,+4.921692E+00
+11.565700E+00,+4.847320E+00,+4.856365E+00
+11.569600E+00,+4.836432E+00,+4.878141E+00
+11.573500E+00,+4.847320E+00,+4.899916E+00
+11.577400E+00,+4.805444E+00,+4.878141E+00
+11.581300E+00,+4.865745E+00,+4.856365E+00
+11.585200E+00,+4.845645E+00,+4.816164E+00
+11.589100E+00,+4.836432E+00,+4.797739E+00
+11.593000E+00,+4.876633E+00,+4.878141E+00
+11.596900E+00,+4.865745E+00,+4.797739E+00
+11.600800E+00,+4.836432E+00,+4.797739E+00
+11.604700E+00,+4.865745E+00,+4.936767E+00
+11.608600E+00,+4.876633E+00,+4.816164E+00
+11.612500E+00,+4.847320E+00,+4.841290E+00
+11.616400E+00,+4.836432E+00,+4.797739E+00
+11.620300E+00,+4.876633E+00,+4.878141E+00
+11.624200E+00,+4.845645E+00,+3.729062E+00
+11.628100E+00,+4.865745E+00,+4.936767E+00
+11.632000E+00,+4.867420E+00,+4.754188E+00
+11.635900E+00,+4.836432E+00,+4.936767E+00
+11.639800E+00,+4.876633E+00,+4.859715E+00
+11.643700E+00,+4.876633E+00,+3.512982E+00
+11.647600E+00,+4.836432E+00,+4.878141E+00
+11.651500E+00,+4.865745E+00,+4.856365E+00
+11.655400E+00,+4.845645E+00,+4.797739E+00
+11.659300E+00,+4.876633E+00,+4.819514E+00
+11.663200E+00,+4.845645E+00,+4.816164E+00
+11.667100E+00,+4.876633E+00,+4.797739E+00
+11.671000E+00,+4.845645E+00,+4.878141E+00
+11.674900E+00,+4.865745E+00,+4.819514E+00
+11.678800E+00,+4.845645E+00,+4.878141E+00
+11.682700E+00,+4.876633E+00,+4.878141E+00
+11.686600E+00,+4.867420E+00,+4.896566E+00
+11.690500E+00,+4.847320E+00,+4.878141E+00
+11.694400E+00,+4.845645E+00,+4.816164E+00
+11.698300E+00,+4.836432E+00,+4.893216E+00
+11.702200E+00,+4.876633E+00,+4.878141E+00
+11.706100E+00,+4.836432E+00,+4.936767E+00
+11.710000E+00,+4.867420E+00,+4.878141E+00
+11.713900E+00,+4.865745E+00,+4.819514E+00
+11.717800E+00,+4.845645E+00,+4.859715E+00
+11.721700E+00,+4.865745E+00,+4.797739E+00
+11.725600E+00,+4.876633E+00,+4.859715E+00
+11.729500E+00,+4.865745E+00,+4.878141E+00
+11.733400E+00,+4.876633E+00,+4.878141E+00
+11.737300E+00,+4.865745E+00,+1.440955E+00
+11.741200E+00,+4.876633E+00,+4.878141E+00
+11.745100E+00,+4.847320E+00,+4.856365E+00
+11.749000E+00,+4.867420E+00,+4.816164E+00
+11.752900E+00,+4.847320E+00,+4.878141E+00
+11.756800E+00,+4.876633E+00,+1.239950E+00
+11.760700E+00,+4.836432E+00,+4.878141E+00
+11.764600E+00,+4.845645E+00,+4.878141E+00
+11.768500E+00,+4.847320E+00,+4.841290E+00
+11.772400E+00,+4.836432E+00,+4.878141E+00
+11.776300E+00,+4.865745E+00,+4.914992E+00
+11.780200E+00,+4.876633E+00,+4.878141E+00
+11.784100E+00,+4.836432E+00,+4.856365E+00
+11.788000E+00,+4.836432E+00,+4.859715E+00
+11.791900E+00,+4.836432E+00,+4.878141E+00
+11.795800E+00,+4.836432E+00,+4.859715E+00
+11.799700E+00,+4.865745E+00,+4.856365E+00
+11.803600E+00,+4.845645E+00,+4.878141E+00
+11.807500E+00,+4.836432E+00,+4.878141E+00
+11.811400E+00,+4.845645E+00,+4.878141E+00
+11.815300E+00,+4.847320E+00,+4.914992E+00
+11.819200E+00,+4.845645E+00,+4.779313E+00
+11.823100E+00,+4.865745E+00,+4.797739E+00
+11.827000E+00,+4.867420E+00,+4.859715E+00
+11.830900E+00,+4.847320E+00,+4.856365E+00
+11.834800E+00,+4.876633E+00,+4.859715E+00
+11.838700E+00,+4.847320E+00,+4.936767E+00
+11.842600E+00,+4.867420E+00,+4.878141E+00
+11.846500E+00,+4.836432E+00,+4.878141E+00
+11.850400E+00,+4.845645E+00,+3.772613E+00
+11.854300E+00,+4.836432E+00,+4.819514E+00
+11.858200E+00,+4.876633E+00,+4.940117E+00
+11.862100E+00,+4.847320E+00,+4.819514E+00
+11.866000E+00,+4.867420E+00,+4.878141E+00
+11.869900E+00,+4.836432E+00,+3.571608E+00
+11.873800E+00,+4.876633E+00,+4.940117E+00
+11.877700E+00,+4.865745E+00,+4.878141E+00
+11.881600E+00,+4.836432E+00,+4.878141E+00
+11.885500E+00,+4.865745E+00,+4.878141E+00
+11.889400E+00,+4.845645E+00,+4.940117E+00
+11.893300E+00,+4.836432E+00,+4.878141E+00
+11.897200E+00,+4.876633E+00,+4.797739E+00
+11.901100E+00,+4.847320E+00,+4.878141E+00
+11.905000E+00,+4.858208E+00,+4.816164E+00
+11.908900E+00,+4.876633E+00,+4.878141E+00
+11.912800E+00,+4.836432E+00,+4.878141E+00
+11.916700E+00,+4.876633E+00,+4.899916E+00
+11.920600E+00,+4.836432E+00,+4.878141E+00
+11.924500E+00,+4.836432E+00,+4.958543E+00
+11.928400E+00,+4.845645E+00,+4.816164E+00
+11.932300E+00,+4.865745E+00,+4.878141E+00
+11.936200E+00,+4.876633E+00,+4.816164E+00
+11.940100E+00,+4.847320E+00,+4.856365E+00
+11.944000E+00,+4.876633E+00,+4.797739E+00
+11.947900E+00,+4.865745E+00,+4.797739E+00
+11.951800E+00,+4.836432E+00,+4.878141E+00
+11.955700E+00,+4.876633E+00,+4.878141E+00
+11.959600E+00,+4.845645E+00,+4.878141E+00
+11.963500E+00,+4.865745E+00,+1.440955E+00
+11.967400E+00,+4.845645E+00,+4.878141E+00
+11.971300E+00,+4.865745E+00,+4.856365E+00
+11.975200E+00,+4.876633E+00,+4.816164E+00
+11.979100E+00,+4.836432E+00,+4.878141E+00
+11.983000E+00,+4.836432E+00,+4.878141E+00
+11.986900E+00,+4.865745E+00,+4.819514E+00
+11.990800E+00,+4.876633E+00,+4.816164E+00
+11.994700E+00,+4.836432E+00,+4.936767E+00
+11.998600E+00,+4.876633E+00,+4.878141E+00
+12.002500E+00,+4.876633E+00,+4.878141E+00
+12.006400E+00,+4.836432E+00,+4.878141E+00
+12.010300E+00,+4.818007E+00,+4.819514E+00
+12.014200E+00,+4.836432E+00,+4.797739E+00
+12.018100E+00,+4.865745E+00,+4.878141E+00
+12.022000E+00,+4.876633E+00,+4.834590E+00
+12.025900E+00,+4.836432E+00,+4.899916E+00
+12.029800E+00,+4.845645E+00,+4.878141E+00
+12.033700E+00,+4.865745E+00,+4.819514E+00
+12.037600E+00,+4.836432E+00,+4.878141E+00
+12.041500E+00,+4.847320E+00,+4.856365E+00
+12.045400E+00,+4.876633E+00,+4.878141E+00
+12.049300E+00,+4.876633E+00,+4.856365E+00
+12.053200E+00,+4.836432E+00,+4.878141E+00
+12.057100E+00,+4.836432E+00,+4.819514E+00
+12.061000E+00,+4.845645E+00,+4.921692E+00
+12.064900E+00,+4.876633E+00,+4.856365E+00
+12.068800E+00,+4.867420E+00,+4.940117E+00
+12.072700E+00,+4.825544E+00,+4.899916E+00
+12.076600E+00,+4.867420E+00,+134.422E-03
+12.080500E+00,+4.876633E+00,+4.819514E+00
+12.084400E+00,+4.876633E+00,+4.816164E+00
+12.088300E+00,+4.865745E+00,+4.841290E+00
+12.092200E+00,+4.845645E+00,+4.940117E+00
+12.096100E+00,+4.836432E+00,+3.593384E+00
+12.100000E+00,+4.845645E+00,+4.797739E+00
+12.103900E+00,+4.865745E+00,+4.819514E+00
+12.107800E+00,+4.836432E+00,+4.878141E+00
+12.111700E+00,+4.905946E+00,+4.878141E+00
+12.115600E+00,+4.836432E+00,+4.859715E+00
+12.119500E+00,+4.876633E+00,+4.856365E+00
+12.123400E+00,+4.845645E+00,+4.878141E+00
+12.127300E+00,+4.876633E+00,+4.936767E+00
+12.131200E+00,+4.836432E+00,+4.859715E+00
+12.135100E+00,+4.847320E+00,+4.878141E+00
+12.139000E+00,+4.836432E+00,+4.878141E+00
+12.142900E+00,+4.836432E+00,+4.819514E+00
+12.146800E+00,+4.867420E+00,+4.878141E+00
+12.150700E+00,+4.847320E+00,+4.878141E+00
+12.154600E+00,+4.836432E+00,+4.859715E+00
+12.158500E+00,+4.865745E+00,+4.797739E+00
+12.162400E+00,+4.845645E+00,+4.878141E+00
+12.166300E+00,+4.865745E+00,+4.819514E+00
+12.170200E+00,+4.876633E+00,+4.816164E+00
+12.174100E+00,+4.865745E+00,+4.819514E+00
+12.178000E+00,+4.876633E+00,+4.816164E+00
+12.181900E+00,+4.876633E+00,+4.856365E+00
+12.185800E+00,+4.867420E+00,+4.816164E+00
+12.189700E+00,+4.876633E+00,+1.338777E+00
+12.193600E+00,+4.867420E+00,+4.896566E+00
+12.197500E+00,+4.836432E+00,+4.841290E+00
+12.201400E+00,+4.836432E+00,+4.878141E+00
+12.205300E+00,+4.847320E+00,+4.878141E+00
+12.209200E+00,+4.876633E+00,+4.816164E+00
+12.213100E+00,+4.858208E+00,+4.819514E+00
+12.217000E+00,+4.836432E+00,+4.859715E+00
+12.220900E+00,+4.847320E+00,+4.856365E+00
+12.224800E+00,+4.805444E+00,+4.878141E+00
+12.228700E+00,+4.865745E+00,+4.819514E+00
+12.232600E+00,+4.836432E+00,+4.878141E+00
+12.236500E+00,+4.836432E+00,+4.856365E+00
+12.240400E+00,+4.876633E+00,+4.878141E+00
+12.244300E+00,+4.876633E+00,+4.878141E+00
+12.248200E+00,+4.867420E+00,+4.859715E+00
+12.252100E+00,+4.865745E+00,+4.914992E+00
+12.256000E+00,+4.845645E+00,+4.878141E+00
+12.259900E+00,+4.876633E+00,+4.856365E+00
+12.263800E+00,+4.876633E+00,+4.859715E+00
+12.267700E+00,+4.876633E+00,+4.856365E+00
+12.271600E+00,+4.876633E+00,+4.834590E+00
+12.275500E+00,+4.865745E+00,+4.899916E+00
+12.279400E+00,+4.845645E+00,+4.834590E+00
+12.283300E+00,+4.836432E+00,+4.878141E+00
+12.287200E+00,+4.867420E+00,+4.859715E+00
+12.291100E+00,+4.847320E+00,+4.819514E+00
+12.295000E+00,+4.867420E+00,+4.878141E+00
+12.298900E+00,+4.847320E+00,+4.797739E+00
+12.302800E+00,+4.845645E+00,+3.772613E+00
+12.306700E+00,+4.836432E+00,+4.878141E+00
+12.310600E+00,+4.836432E+00,+4.896566E+00
+12.314500E+00,+4.865745E+00,+4.878141E+00
+12.318400E+00,+123.702E-03,+4.816164E+00
+12.322300E+00,+132.915E-03,+3.652010E+00
+12.326200E+00,+132.915E-03,+4.878141E+00
+12.330100E+00,+92.714E-03,+4.797739E+00
+12.334000E+00,+123.702E-03,+4.816164E+00
+12.337900E+00,+132.915E-03,+4.856365E+00
+12.341800E+00,+123.702E-03,+4.878141E+00
+12.345700E+00,+132.915E-03,+4.819514E+00
+12.349600E+00,+111.139E-03,+4.878141E+00
+12.353500E+00,+132.915E-03,+4.878141E+00
+12.357400E+00,+123.702E-03,+4.940117E+00
+12.361300E+00,+132.915E-03,+4.878141E+00
+12.365200E+00,+101.926E-03,+4.878141E+00
+12.369100E+00,+132.915E-03,+4.878141E+00
+12.373000E+00,+123.702E-03,+4.834590E+00
+12.376900E+00,+122.027E-03,+4.856365E+00
+12.380800E+00,+101.926E-03,+4.797739E+00
+12.384700E+00,+92.714E-03,+4.936767E+00
+12.388600E+00,+61.725E-03,+4.878141E+00
+12.392500E+00,+122.027E-03,+4.819514E+00
+12.396400E+00,+123.702E-03,+4.878141E+00
+12.400300E+00,+103.601E-03,+4.819514E+00
+12.404200E+00,+123.702E-03,+4.816164E+00
+12.408100E+00,+103.601E-03,+4.878141E+00
+12.412000E+00,+132.915E-03,+4.878141E+00
+12.415900E+00,+122.027E-03,+1.382328E+00
+12.419800E+00,+132.915E-03,+4.878141E+00
+12.423700E+00,+122.027E-03,+4.739112E+00
+12.427600E+00,+101.926E-03,+4.834590E+00
+12.431500E+00,+103.601E-03,+4.878141E+00
+12.435400E+00,+132.915E-03,+1.159548E+00
+12.439300E+00,+132.915E-03,+4.878141E+00
+12.443200E+00,+123.702E-03,+4.859715E+00
+12.447100E+00,+103.601E-03,+4.856365E+00
+12.451000E+00,+132.915E-03,+4.940117E+00
+12.454900E+00,+132.915E-03,+4.819514E+00
+12.458800E+00,+101.926E-03,+4.859715E+00
+12.462700E+00,+132.915E-03,+4.878141E+00
+12.466600E+00,+132.915E-03,+4.878141E+00
+12.470500E+00,+103.601E-03,+4.899916E+00
+12.474400E+00,+101.926E-03,+4.878141E+00
+12.478300E+00,+132.915E-03,+4.878141E+00
+12.482200E+00,+132.915E-03,+4.859715E+00
+12.486100E+00,+103.601E-03,+4.797739E+00
+12.490000E+00,+132.915E-03,+4.797739E+00
+12.493900E+00,+103.601E-03,+4.856365E+00
+12.497800E+00,+123.702E-03,+4.878141E+00
+12.501700E+00,+132.915E-03,+4.878141E+00
+12.505600E+00,+142.127E-03,+4.859715E+00
+12.509500E+00,+122.027E-03,+4.819514E+00
+12.513400E+00,+123.702E-03,+4.878141E+00
+12.517300E+00,+74.288E-03,+4.878141E+00
+12.521200E+00,+163.903E-03,+4.878141E+00
+12.525100E+00,+132.915E-03,+4.899916E+00
+12.529000E+00,+114.489E-03,+3.772613E+00
+12.532900E+00,+92.714E-03,+4.819514E+00
+12.536800E+00,+123.702E-03,+4.878141E+00
+12.540700E+00,+92.714E-03,+4.914992E+00
+12.544600E+00,+101.926E-03,+4.903266E+00
+12.548500E+00,+132.915E-03,+3.571608E+00
+12.552400E+00,+92.714E-03,+4.921692E+00
+12.556300E+00,+122.027E-03,+4.878141E+00
+12.560200E+00,+101.926E-03,+4.878141E+00
+12.564100E+00,+103.601E-03,+4.797739E+00
+12.568000E+00,+92.714E-03,+4.797739E+00
+12.571900E+00,+103.601E-03,+4.856365E+00
+12.575800E+00,+101.926E-03,+4.859715E+00
+12.579700E+00,+122.027E-03,+4.797739E+00
+12.583600E+00,+123.702E-03,+4.878141E+00
+12.587500E+00,+132.915E-03,+4.819514E+00
+12.591400E+00,+132.915E-03,+4.878141E+00
+12.595300E+00,+92.714E-03,+4.856365E+00
+12.599200E+00,+101.926E-03,+4.878141E+00
+12.603100E+00,+103.601E-03,+4.878141E+00
+12.607000E+00,+101.926E-03,+4.859715E+00
+12.610900E+00,+103.601E-03,+4.878141E+00
+12.614800E+00,+92.714E-03,+4.878141E+00
+12.618700E+00,+92.714E-03,+4.856365E+00
+12.622600E+00,+4.876633E+00,+4.878141E+00
+12.626500E+00,+4.836432E+00,+4.878141E+00
+12.630400E+00,+4.876633E+00,+4.878141E+00
+12.634300E+00,+4.836432E+00,+4.819514E+00
+12.638200E+00,+4.845645E+00,+4.878141E+00
+12.642100E+00,+4.876633E+00,+1.360553E+00
+12.646000E+00,+4.845645E+00,+4.878141E+00
+12.649900E+00,+4.847320E+00,+4.878141E+00
+12.653800E+00,+4.867420E+00,+4.834590E+00
+12.657700E+00,+4.836432E+00,+4.878141E+00
+12.661600E+00,+4.867420E+00,+1.221524E+00
+12.665500E+00,+4.836432E+00,+4.878141E+00
+12.669400E+00,+4.876633E+00,+4.859715E+00
+12.673300E+00,+4.836432E+00,+4.819514E+00
+12.677200E+00,+4.867420E+00,+4.958543E+00
+12.681100E+00,+4.876633E+00,+4.936767E+00
+12.685000E+00,+4.836432E+00,+4.878141E+00
+12.688900E+00,+4.865745E+00,+4.899916E+00
+12.692800E+00,+4.836432E+00,+4.921692E+00
+12.696700E+00,+4.865745E+00,+4.856365E+00
+12.700600E+00,+4.845645E+00,+4.878141E+00
+12.704500E+00,+4.854858E+00,+4.878141E+00
+12.708400E+00,+4.836432E+00,+4.816164E+00
+12.712300E+00,+4.876633E+00,+4.819514E+00
+12.716200E+00,+4.867420E+00,+4.816164E+00
+12.720100E+00,+4.865745E+00,+4.936767E+00
+12.724000E+00,+4.867420E+00,+4.834590E+00
+12.727900E+00,+4.825544E+00,+4.878141E+00
+12.731800E+00,+4.876633E+00,+4.878141E+00
+12.735700E+00,+4.847320E+00,+4.878141E+00
+12.739600E+00,+4.885846E+00,+4.816164E+00
+12.743500E+00,+4.865745E+00,+4.856365E+00
+12.747400E+00,+4.836432E+00,+4.816164E+00
+12.751300E+00,+4.876633E+00,+4.878141E+00
+12.755200E+00,+4.836432E+00,+3.710636E+00
+12.759100E+00,+4.836432E+00,+4.863065E+00
+12.763000E+00,+4.876633E+00,+4.859715E+00
+12.766900E+00,+4.876633E+00,+4.878141E+00
+12.770800E+00,+4.836432E+00,+4.878141E+00
+12.774700E+00,+4.876633E+00,+54.020E-03
+12.778600E+00,+4.876633E+00,+4.834590E+00
+12.782500E+00,+4.876633E+00,+4.878141E+00
+12.786400E+00,+4.827219E+00,+4.878141E+00
+12.790300E+00,+4.858208E+00,+4.856365E+00
+12.794200E+00,+4.836432E+00,+4.878141E+00
+12.798100E+00,+4.876633E+00,+4.878141E+00
+12.802000E+00,+4.867420E+00,+4.878141E+00
+12.805900E+00,+4.836432E+00,+4.819514E+00
+12.809800E+00,+4.876633E+00,+4.816164E+00
+12.813700E+00,+4.836432E+00,+4.878141E+00
+12.817600E+00,+4.867420E+00,+4.816164E+00
+12.821500E+00,+4.876633E+00,+4.819514E+00
+12.825400E+00,+4.845645E+00,+4.816164E+00
+12.829300E+00,+4.847320E+00,+4.878141E+00
+12.833200E+00,+4.876633E+00,+4.878141E+00
+12.837100E+00,+4.847320E+00,+4.856365E+00
+12.841000E+00,+4.836432E+00,+4.878141E+00
+12.844900E+00,+4.847320E+00,+4.914992E+00
+12.848800E+00,+4.836432E+00,+4.816164E+00
+12.852700E+00,+4.847320E+00,+4.856365E+00
+12.856600E+00,+4.876633E+00,+4.797739E+00
+12.860500E+00,+4.876633E+00,+4.819514E+00
+12.864400E+00,+4.836432E+00,+4.834590E+00
+12.868300E+00,+4.876633E+00,+4.819514E+00
+12.872200E+00,+4.867420E+00,+4.878141E+00
+12.876100E+00,+4.876633E+00,+4.856365E+00
